식당명,주소,콜키지,병수제한,잔지원,전화번호,위도,경도,마지막확인
베테카텐(vete katten),서울특별시 종로구 삼청로7길 7 1층 베테카텐,무료,,N,02-723-1477,37.5837523,126.9812932,
창고43 시청점,서울특별시 중구 서소문로 120 1층,무료,,N,02-6020-7955,37.5629076,126.9746765,
홍춘,경기도 용인시 수지구 죽전로168번길 29 1층 홍춘,무료,,N,031-264-7798,37.3242012,127.1260793,
명동서서갈비,서울특별시 중구 명동7가길 20-8,무료,,N,010-3478-5880,37.5647627,126.9832873,
이태원숯불구이,서울특별시 용산구 녹사평대로32길 41-5,무료,,N,02-797-7777,37.533084,126.9909122,
돈블랑 판교점,경기도 성남시 분당구 대왕판교로606번길 10,무료,,N,031-703-7722,37.3953571,127.1086617,
스시선명,경기도 고양시 일산동구 정발산로 24 웨스턴돔B동206호 스시선명,무료,,N,010-2276-8304,37.6552171,126.7727757,
알단테(Al Dente),경기도 파주시 가람로21번길 61-4 1층 al dente,무료,,N,031-949-5229,37.7369082,126.7518972,
자연별곡 가든파이브점,서울특별시 송파구 충민로 66 NC백화점 송파점 영관 7층,무료,,N,02-2157-5754,37.4770603,127.1259417,
북해도목장 산본점,경기도 군포시 산본로323번길 4-11 1층 북해도목장 산본점,무료,,N,,37.3598005,126.932734,
특우정,서울특별시 성동구 무학로12길 13,무료,,N,02-2293-7575,37.5672268,127.0318099,
고수 청담점,서울특별시 강남구 도산대로58길 15,무료,,N,02-548-5522,37.5222555,127.0415391,
창고43 강남점,서울특별시 강남구 강남대로 362 대륭강남타워 지하1층,무료,,N,02-508-0043,37.4953431,127.0292625,
무돌,서울특별시 성동구 마장로35나길 9-1,무료,,N,02-515-3088,37.5685286,127.0404782,
고반식당 수영센텀점,부산광역시 수영구 무학로9번길 133,무료,,N,051-756-5300,35.1673586,129.1170989,
타이빈,서울특별시 동작구 국사봉길 13 2층,무료,,N,051-558-8885,37.4985689,126.9290426,
서석대,서울특별시 서초구 서초대로 346 동아빌라트 A동 1층,무료,,N,061-721-0092,37.495175,127.019459,
어부지리,인천광역시 연수구 한나루로201번길 23,무료,,N,031-235-8844,37.4276842,126.655835,
경천애인2237 여의도점,서울특별시 영등포구 국제금융로8길 31 지하2층 B203,무료,,N,02-6196-2237,37.519746,126.9280666,
제주포램,제주특별자치도 제주시 국기중길 4 제주포램,무료,,N,064-747-9292,33.4806397,126.4910591,
소연,서울특별시 서대문구 통일로9안길 20-1 1， 2층,무료,,N,02-587-4490,37.5664034,126.9650791,
무판,서울특별시 중랑구 망우로 286,무료,,N,02-6448-8253,37.5958059,127.0842668,
봄의정원,서울특별시 성동구 마조로7길 13 지층 봄의정원 왕십리점,무료,,N,02-461-0201,37.5607301,127.0398555,
바른고기 정육점 을지로점,서울특별시 중구 청계천로 100 B1F,무료,,N,02-6020-0606,37.5676514,126.9884451,
스시애월,제주특별자치도 제주시 애월읍 장전로 57,무료,,N,064-799-2008,33.4521948,126.384271,
검단양만,서울특별시 송파구 백제고분로7길 40-17 손예빌딩,무료,,N,02-3431-9555,37.5100643,127.083593,
탄영,세종특별자치시 나성로 125-10 105호,무료,,N,,36.4900511,127.2581979,
고깃느루,인천광역시 부평구 경원대로1377번길 45-10 고깃느루,무료,,N,032-506-1150,37.4934439,126.7217156,
우미남,경기도 화성시 동탄반석로 172 파라곤상가 1층 115호 우미남,무료,,N,010-7658-1352,37.2036005,127.0725111,
정선한우,경기도 성남시 분당구 하오개로 357,무료,,N,031-8017-8014,37.3917238,127.0587977,
여수밤바다,서울특별시 동작구 동작대로25길 27,무료,,N,031-718-1660,37.4857968,126.9807162,
사유의서재,서울특별시 중구 퇴계로20길 13,무료,,N,070-7613-0957,37.5596784,126.9858804,
마초생고기,경기도 성남시 분당구 미금일로86번길 16,무료,,N,031-719-1133,37.3474128,127.110463,
소믈리에,서울특별시 중구 퇴계로46길 33 3층 한국국제소믈리에협회,무료,,N,051-867-1025,37.5611604,126.9997113,
루스트플레이스 아라점,제주특별자치도 제주시 아란7길 3-3 201호,무료,,N,064-724-9008,33.4740388,126.5451357,
우애,서울특별시 마포구 동교로38길 42-6 1층 101호 우애돈카츠 연남점,무료,,N,02-549-3334,37.5610304,126.9255679,
도마3,서울특별시 서초구 서초대로78길 48 송림빌딩 1층 101호 도마3 강남본점,무료,,N,02-525-2159,37.4935541,127.0287695,
땡이네소곱창,경기도 수원시 영통구 영통로213번길 16,무료,,N,010-8422-2908,37.2464758,127.0560259,
유엔가든,서울특별시 강남구 테헤란로 231 2층 E201호,무료,,N,02-3785-1113,37.5035792,127.0416355,
육분당,경기도 성남시 분당구 미금일로90번길 32 웰파크 116호,무료,,N,031-714-5592,37.3488307,127.1104666,
도마 홍대본점,서울특별시 마포구 양화로16길 33,무료,,N,02-3143-0365,37.5530754,126.921419,
우슐랭,경기도 고양시 덕양구 화신로272번길 21 오케이프라자 2층,무료,,N,,37.6319333,126.8312682,
테스트키친,서울특별시 성동구 성수일로 56 성수동BY센터,무료,,N,010-5612-2449,37.5453418,127.0502658,
오목교곱창,서울특별시 양천구 목동동로 226-13 1층 오목교곱창,무료,,N,02-2652-5399,37.5255779,126.8728589,
속초진수산,서울특별시 광진구 능동로7길 49,무료,,N,02-432-7717,37.5375473,127.0664602,
크래버대게나라 강남점,서울특별시 강남구 언주로 620,무료,,N,02-547-7998,37.5114996,127.0363587,
정량수산포차,경기도 안양시 동안구 동편로20번길 43 데이드림오피스텔 105호,무료,,N,,37.4062048,126.9731981,
순우블랙,서울특별시 중구 명동9길 37-3,무료,,N,02-757-1592,37.5654157,126.9840365,
동해수산,서울특별시 중구 동호로35길 27,무료,,N,031-292-9062,37.566175,127.00065,
고반식당 용인보정점,경기도 용인시 기흥구 죽전로15번길 4-9 1층 고반식당,무료,,N,031-889-1506,37.3210188,127.1106795,
대한극장,서울특별시 중구 퇴계로 220 1호 (충무로4가),무료,,N,02-6677-5555,37.5615229,126.9962515,
동촌,대구광역시 동구 동촌로11길 5 동촌동주민센터,무료,,N,02-793-9295,35.8899028,128.6496804,
투뿔등심 논현본점,서울특별시 강남구 언주로148길 19,무료,,N,02-3448-5646,37.5209399,127.0360973,
울프스덴,경기도 성남시 분당구 대왕판교로 660 유스페이스1 제 215호 울프스덴,무료,,N,031-628-1887,37.400142,127.1074412,
주돈,서울특별시 광진구 군자로 168 1층 주돈,무료,,N,,37.5557737,127.0774131,
아침목장 정육식당,충청남도 아산시 배방읍 배방로 239-5 아침목장정육식당,무료,,N,041-549-6662,36.7712315,127.0724377,
송추가마골 인 어반 목동점,서울특별시 양천구 목동동로 293 현대41타워 3층,무료,,N,02-6959-5461,37.5281774,126.8757768,
장사랑 서초점,서울특별시 강남구 언주로165길 7-4,무료,,N,02-537-9293,37.525561,127.032299,
곱창이곶,서울특별시 서초구 방배로 58,무료,,N,02-588-4688,37.4799926,126.9989783,
압구정육식당,서울특별시 강남구 압구정로29길 69 현대10차상가 지층 1호,무료,,N,02-514-6692,37.5318156,127.0261716,
본수원갈비 이천점,경기도 이천시 경충대로 2541,무료,,N,031-633-8434,37.273643,127.450687,
지오바니,서울특별시 종로구 종로 119,무료,,N,031-875-1102,37.5706137,126.9908031,
닐리 보라점,경기도 용인시 기흥구 한보라1로 14 베스트프라자,무료,,N,031-287-4096,37.2536832,127.1094441,
마루돈가,경기도 성남시 분당구 황새울로258번길 10-9 영성라벤더,무료,,N,031-715-3692,37.3799409,127.11612,
락희옥 서초교대역점,서울특별시 서초구 반포대로30길 63 영서빌딩 1， 2층,무료,,N,02-582-5958,37.4926254,127.012074,
온비프,경기도 화성시 동탄대로 646-4 메가비즈타워B동 111-116 1층 온비프,무료,,N,,37.2112718,127.0999655,
화포식당 논현점,서울특별시 강남구 논현로131길 12,무료,,N,02-512-9285,37.5144189,127.0292654,
투뿔등심 고담 삼성점,서울특별시 강남구 테헤란로87길 33,무료,,N,02-568-7710,37.5098056,127.0578868,
전구식당,인천광역시 연수구 컨벤시아대로 50 1층135，146，147호(송도 푸르지오월드마크1단지),무료,,N,032-831-1230,37.3982071,126.6510967,
꼼떼,서울특별시 서대문구 충정로 29 동아일보 충정로사옥 1층,무료,,N,02-433-2001,37.562036,126.9634589,
한우등심전문돌판구이,인천광역시 연수구 컨벤시아대로 80 한우등심전문돌판구이,무료,,N,032-832-8592,37.3953068,126.6489583,
소설옥,서울특별시 용산구 녹사평대로40길 31,무료,,N,02-797-6506,37.5347707,126.9875647,
길섶한우 대곡점,대구광역시 달서구 명천로 43 길섶한우,무료,,N,053-634-9599,35.8058237,128.5121251,
등심연구소 세종점,세종특별자치시 달빛로 228 1층,무료,,N,044-866-4991,36.5190797,127.2526669,
제이스팟(J's Pot),경기도 성남시 분당구 판교역로 152 알파돔타워3동 3층,무료,,N,031-622-7179,37.3943208,127.1103247,
우심 동탄역점,경기도 화성시 동탄역로 102 1층,무료,,N,,37.195714,127.0983747,
장천집,서울특별시 노원구 동일로217가길 11 평화빌딩202호 장천,무료,,N,055-545-6323,37.6534433,127.0599544,
웨이크앤베이크(Wake&Bake),서울특별시 성동구 서울숲2길 28-12 지하1층,무료,,N,070-8835-3565,37.5465891,127.0414367,
동해안백골뱅이,서울특별시 성동구 무학로2길 48 1층,무료,,N,02-2298-9933,37.5623773,127.034734,
피쉬스토리,서울특별시 강남구 압구정로50길 7 정동상가 1층 16호,무료,,N,02-3447-2067,37.5276795,127.0389056,
수아에피스,서울특별시 강남구 선릉로157길 27 2층,무료,,N,02-548-2191,37.5262024,127.0375926,
창고43 무교점,서울특별시 중구 무교로 21 더익스체인지서울 2층,무료,,N,02-3789-0043,37.5679434,126.9789167,
청기와타운 남영점,서울특별시 용산구 한강대로 284 1층， 2층 청기와타운 남영점,무료,,N,02-3785-1474,37.5436573,126.9726546,
용문객잔,서울특별시 강동구 구천면로41길 14 유성빌딩,무료,,N,,37.5467235,127.1333008,
동선수산 1호점,강원특별자치도 강릉시 주문진읍 해안로 1760,무료,,N,033-661-8892,37.8919968,128.8291403,
월촌도야지,서울특별시 양천구 목동동로 293 2층 월촌도야지,무료,,N,,37.5281774,126.8757769,
더마블링,서울특별시 영등포구 63로 32 라이프콤비빌딩 104호,무료,,N,02-794-4671,37.5189363,126.9390518,
세광양대창 파주야당점,경기도 파주시 경의로 1074 2층 208호,무료,,N,031-948-1074,37.7131738,126.7599678,
제주담,서울특별시 강서구 마곡중앙6로 45 리더스퀘어 B동 3층 307호,무료,,N,02-3663-2231,37.5606262,126.8327269,
자수정,서울특별시 종로구 우정국로 69 동일빌딩,무료,,N,02-2068-9530,37.5752294,126.9823921,
하누마루,경기도 김포시 통진읍 서암로 77,무료,,N,031-622-7500,37.6920349,126.5986769,
도니누가,경기도 수원시 권선구 서수원로523번길 20-9 도니누가,무료,,N,031-295-5137,37.272226,126.9581164,
어바웃더그릴,대전광역시 서구 갈마역로 25 지하1층 어바웃더그릴,무료,,N,042-822-7081,36.3527207,127.3740058,
유림한우,경상북도 포항시 북구 흥해읍 초곡지구로52번길 28-11,무료,,N,,36.0978933,129.3366317,
타이리셔스,경기도 고양시 일산서구 호수로 817 일산 현대백화점 킨텍스점 8층 타이리셔스,무료,,N,02-790-5447,37.6685636,126.751102,
고반식당 선릉점,서울특별시 강남구 역삼로63길 21 한티 빌딩,무료,,N,02-568-0099,37.5025395,127.0519044,
청기와타운 을지로점,서울특별시 중구 을지로 54 1층 청기와타운 을지로점,무료,,N,,37.5659111,126.9836965,
미미곱창,서울특별시 강남구 강남대로156길 27 1층,무료,,N,,37.5186773,127.0213654,
청류벽,서울특별시 서초구 서초대로74길 29 1층 청류벽,무료,,N,02-2055-1191,37.4948691,127.0274078,
운봉산장,서울특별시 동작구 장승배기로 118-1 신응범치과의원,무료,,N,02-815-2850,37.508079,126.940258,
창고43 교대점,서울특별시 서초구 서초대로 301 B1 층,무료,,N,02-534-4003,37.4942234,127.0144224,
배꼽집 논현점,서울특별시 강남구 강남대로128길 22 지하 배꼽집,무료,,N,02-539-3323,37.5101612,127.024082,
섬 맛의 공방 제주이야기,서울특별시 송파구 법원로11길 7 C동 1층 156호,무료,,N,02-406-0919,37.4848772,127.1191543,
창고43 샛강점,서울특별시 영등포구 여의대방로 376 나라키움여의도 2층,무료,,N,02-783-4343,37.5182848,126.9311257,
소들녘 광명점,경기도 광명시 오리로876번길 6,무료,,N,02-2618-0660,37.4764034,126.8659959,
잠실백정,서울특별시 송파구 백제고분로7길 28-7 1층,무료,,N,,37.5103851,127.0822074,
고기상,인천광역시 남동구 논현로26번길 34 101호,무료,,N,02-6014-0242,37.4022501,126.7083632,
심연한우,서울특별시 강남구 학동로4길 15,무료,,N,02-6339-1666,37.5107823,127.02329,
더라운드(The Round),서울특별시 강남구 선릉로148길 37 지하1，지상1，2층,무료,,N,02-545-4448,37.5230044,127.0425513,
강소식당,서울특별시 강동구 올림픽로48길 28 1층 102호,무료,,N,031-212-8382,37.5289253,127.1214913,
팔십상참치,인천광역시 연수구 인천타워대로 253-25 아트윈푸르지오 상가 210호,무료,,N,010-7138-6658,37.3922409,126.6324367,
화로양미,서울특별시 성동구 상원4길 9 화로양미,무료,,N,070-7818-8886,37.5472665,127.0496411,
참나무본가,서울특별시 마포구 마포대로6길 10 2층,무료,,N,02-355-2095,37.5452482,126.9530924,
돈블랑 송파문정역점,서울특별시 송파구 송파대로 201 송파테라타워2 B동 1층 129-135호,무료,,N,02-881-5950,37.4878919,127.1206002,
우진가 더 챔버스,서울특별시 강남구 테헤란로27길 28,무료,,N,02-568-4234,37.5032275,127.037566,
청년화로1987,서울특별시 마포구 동교로 219 1층 청년화로1987 홍대본점,무료,,N,070-8808-1159,37.5596459,126.9235898,
간사이등심(2층),경기도 수원시 영통구 매탄로100번길 25 2층 간사이등심,무료,,N,,37.259431,127.0446871,
피렌체카페,서울특별시 강남구 언주로 548 1층,무료,,N,051-731-2695,37.5070965,127.040425,
루스트플레이스 노형점,제주특별자치도 제주시 수덕로 79,무료,,N,064-745-9004,33.4838595,126.4699171,
일편등심 강남점,서울특별시 강남구 테헤란로1길 20 지하1층 일편등심 강남점,무료,,N,070-7576-3723,37.4996332,127.0278063,
사눅타이,서울특별시 영등포구 국제금융로8길 2 지하1층,무료,,N,02-2699-9680,37.5218969,126.9299944,
함평원,서울특별시 서초구 서초대로 287 석정빌딩 지하1층,무료,,N,02-595-3200,37.4937818,127.0130096,
다하누,인천광역시 연수구 청량로 102,무료,,N,032-858-9209,37.4171697,126.6561462,
우진가,서울특별시 강남구 테헤란로27길 28,무료,,N,02-537-4234,37.5032275,127.037566,
일미락,서울특별시 성동구 상원6나길 22-20 1층 성수일미락,무료,,N,02-2642-9292,37.5476474,127.0495907,
밥상위의 한우 송천점,전북특별자치도 전주시 덕진구 사근1길 31 208，209,무료,,N,063-277-2209,35.8666171,127.1309563,
오막집,서울특별시 강서구 공항대로 237 에이스타워마곡 2층 215호,무료,,N,051-742-8009,37.5594527,126.8339126,
우도,,무료,1,N,02-6083-0365,33.500772,126.9608572,
억조1978,서울특별시 양천구 목동동로10길 24 2층,무료,,N,,37.5194485,126.8723452,
동해킹크랩대게,서울특별시 관악구 신림로 286,무료,,N,031-501-5633,37.4800453,126.9309678,
크라운돼지,서울특별시 강남구 강남대로156길 17-1,무료,,N,02-512-5700,37.518497,127.0205026,
호반,서울특별시 종로구 삼일대로26길 20,무료,,N,02-745-6618,37.5733361,126.9891446,
야키로,전북특별자치도 군산시 동수송7길 4 야키로,무료,,N,063-465-7444,35.9647283,126.7186608,
신사고집,서울특별시 서초구 나루터로 70 1층101호,무료,,N,02-3443-8292,37.5153862,127.0176962,
등심연구소 관평점,대전광역시 유성구 테크노중앙로 37 2층,무료,,N,010-4797-1656,36.4271856,127.3900141,
모다미육,서울특별시 광진구 동일로 178 107호,무료,,N,010-8571-7970,37.5477248,127.0678802,
우리동네참치정육점,인천광역시 계양구 주부토로 522 근주상가 108호,무료,,N,02-6082-0213,37.5406413,126.7284246,
수참치,인천광역시 부평구 평천로 290 1층 104호,무료,,N,042-472-9292,37.51641,126.7225868,
100년한우,경기도 수원시 팔달구 경수대로428번길 23,무료,,N,031-233-3232,37.2641447,127.0270281,
육즙당,서울특별시 종로구 새문안로5길 10-1 2층,무료,,N,,37.5712604,126.9750415,
돈뭉치,서울특별시 서대문구 영천시장길 30 1층,무료,,N,051-621-3328,37.5707493,126.9609214,
닭갈비두목,서울특별시 강남구 논현로75길 13 1층， 닭갈비두목,무료,,N,02-508-5509,37.4962838,127.0377029,
밥상위의 한우 본점,전북특별자치도 전주시 완산구 천잠로 341,무료,,N,063-223-7666,35.8170424,127.0942295,
청정해참치,서울특별시 서초구 강남대로 221 동성빌딩201호청정해참치,무료,,N,02-577-4419,37.4832899,127.034737,
하누비노 정자점,경기도 성남시 분당구 정자일로 136 정자역 엠코헤리츠 3단지 101호,무료,,N,031-719-2192,37.3621234,127.1061914,
일층,서울특별시 강동구 양재대로89가길 14,무료,,N,010-9282-2667,37.525969,127.1345943,
제주곳간,제주특별자치도 제주시 한북로 215-1,무료,,N,010-5489-8884,33.4605324,126.5385919,
영동그집,서울특별시 강남구 봉은사로1길 42-8,무료,,N,,37.507466,127.0244451,
경성양꼬치,서울특별시 종로구 삼일대로17길 42-6,무료,,N,031-716-6388,37.5694407,126.9852274,
화로로,충청남도 공주시 번영1로 72-6 1층 화로로,무료,,N,032-421-9333,36.4731819,127.1356974,
한담,서울특별시 용산구 한강대로38길 17,무료,,N,02-792-3393,37.5296369,126.9699284,
양재정육식당 역삼뱅뱅점,서울특별시 서초구 효령로 426 1，2층,무료,,N,02-566-5804,37.4889525,127.0304701,
523,서울특별시 광진구 광장로 49 1층 카페523,무료,,N,02-332-7311,37.5470777,127.1027493,
백송,서울특별시 종로구 수표로22길 36,무료,,N,010-9295-6292,37.5714949,126.9909092,
램스테이블,서울특별시 서대문구 충정로 47 1층 버스정류장 뒤,무료,,N,033-244-9299,37.5631325,126.9643742,
이속우화,서울특별시 용산구 한남대로20길 61 지1층 이속우화,무료,,N,,37.5349267,127.0102282,
송포갈비,서울특별시 서초구 나루터로15길 7-2 1층 송포갈비,무료,,N,02-515-8488,37.5161535,127.0183803,
돝플러스,서울특별시 서초구 서초대로25길 55 1층,무료,,N,02-536-9233,37.4902621,126.9928926,
한상,서울특별시 중구 세종대로 135 코리아나호텔 2층,무료,,N,02-6402-7887,37.5683348,126.976584,
마당,서울특별시 중구 세종대로 92 한화금융센터_태평로,무료,,N,051-744-5400,37.5641588,126.9774529,
어쭈 서면본점,부산광역시 부산진구 서면로 26 1층,무료,,N,051-803-5244,35.1531019,129.0580069,
안동국시 소호정 서현점,경기도 성남시 분당구 새마을로 55,무료,,N,031-704-7077,37.3835002,127.1368727,
또오리,서울특별시 종로구 성균관로 6-4 또오리,무료,,N,02-762-5292,37.5836903,126.9986207,
동화반점,서울특별시 관악구 관악로 268 광주약국,무료,,N,02-2265-9224,37.487872,126.958259,
쉐프 깐딴떼(Chef Cantante),경기도 광주시 순암로 55 엘림빌딩 2층,무료,1,N,031-718-9239,37.3944685,127.2430239,
모도우 여의도점,서울특별시 영등포구 국제금융로2길 32 여의도파이낸스타워 405， 406호,무료,,N,02-6082-8324,37.5238818,126.924138,
루스트플레이스 시청점,제주특별자치도 제주시 중앙로 230-1 1층,무료,,N,064-757-9004,33.4989568,126.5297739,
소호66,서울특별시 영등포구 국회대로66길 19 프리베로빌딩 2층,무료,,N,02-761-0066,37.5283375,126.9196639,
한우촌,서울특별시 성동구 마장로35길 68 마축일축산물시장,무료,,N,055-224-1100,37.570819,127.041349,
송화산시도삭면 2호점,서울특별시 광진구 아차산로30길 33,무료,,N,02-468-7826,37.5392026,127.0672414,
누메로도스(Numero Dos),서울특별시 성동구 상원1길 35-9,무료,,N,02-468-7943,37.5463758,127.0473386,
사계절어촌,경기도 고양시 일산서구 주엽로 80 A동 3층,무료,,N,031-929-6765,37.6662884,126.7559694,
유래회관,서울특별시 성동구 마장로 196 유래회관,무료,,N,02-2293-8866,37.5664779,127.0315341,
총체보리한우 대전점,대전광역시 서구 만년로 80 1층,무료,,N,042-482-0985,36.3671644,127.381701,
대봉집,서울특별시 강남구 압구정로2길 57 1층 대봉집,무료,,N,02-549-0155,37.5182269,127.0214639,
옴팡집,경기도 고양시 일산동구 약산길 5-6,무료,,N,02-784-3644,37.6798376,126.7916962,
루스트플레이스 베라체점,제주특별자치도 제주시 승천로 73 한라 훠 프라자,무료,,N,064-755-9004,33.4924271,126.5429525,
소모임,서울특별시 영등포구 영신로25길 5 2층 204호,무료,,N,070-7750-8033,37.5167878,126.9013984,
서양반주식당,서울특별시 광진구 뚝섬로56길 22 ， 1층 101호(자양동， 드림팰리스 6차),무료,,N,02-6339-1158,37.5304091,127.0824268,
고스이,경기도 고양시 일산동구 호수로 640 청원레이크빌 212호,무료,,N,031-901-1600,37.65925,126.7673706,
오모테나시,서울특별시 영등포구 양평로 100 2층 코지로 오모테나시 선유도점,무료,,N,070-7514-1085,37.5368933,126.8963527,
양우정,경기도 성남시 분당구 대왕판교로606번길 10 라스트리트 1동 112호,무료,,N,031-706-9252,37.395446,127.1088051,
나지무,서울특별시 은평구 은평로 37,무료,,N,053-213-4994,37.5984914,126.912094,
뚝심한우 광화문점,서울특별시 종로구 종로5길 7 Tower8 B1,무료,,N,02-6226-8088,37.5705646,126.9809235,
칭하이,서울특별시 서초구 효령로68길 88 진영빌딩,무료,,N,02-586-8889,37.4855289,127.020189,
루스트플레이스 아이파크점,제주특별자치도 제주시 노형8길 9 2층， 3층 루스트 플레이스,무료,,N,064-712-9004,33.4842497,126.4780827,
３０,,무료,,N,,37.568139,126.978978,
흙향,전라남도 나주시 산포면 산포로 371,무료,,N,02-3495-0092,35.0314093,126.8050956,
셰프박 와인통삼겹,인천광역시 중구 운남동로3번길 17,무료,,N,032-751-8682,37.4893694,126.5330939,
대련한우프라자,경상북도 포항시 북구 흥해읍 새마을로 326,무료,,N,054-261-6656,36.0463663,129.3285772,
우주옥,서울특별시 마포구 동교로50길 11 B02 우주옥,무료,,N,,37.5636346,126.9267893,
야나기,서울특별시 강남구 학동로101길 21 상가104호 야나기일식집 초밥스시 청담역점,무료,,N,032-834-6186,37.5217787,127.0571517,
홍주고깃간,서울특별시 관악구 남현1길 59 2층 3층,무료,,N,02-581-5454,37.475978,126.9807363,
반앤파파,경기도 평택시 만세로 1726 (031-691-5859),무료,,N,031-691-5859,37.013119,127.1113988,
포앵제로(Point Zero),세종특별자치시 도움8로 81 . 1층 B-106호,무료,,N,044-868-3453,36.5046913,127.2708516,
돈블랑 분당서현점,경기도 성남시 분당구 새마을로 8 1층,무료,,N,031-707-8100,37.3838677,127.131566,
한근두근,경상남도 김해시 분성로 518,무료,,N,041-552-1929,35.235301,128.9024,
우미남 센텀점,부산광역시 해운대구 센텀동로 102 센텀필1 119， 120호 우미남 센텀점,무료,,N,010-8055-1352,35.1763623,129.1265867,
남해,경상남도 남해군 남해읍 망운로9번길 12 남해군청,무료,,N,032-323-3311,34.837707,127.892475,
화덕위에고등어,경기도 용인시 기흥구 용구대로 2181,무료,,N,031-282-2967,37.2823805,127.1053913,
대동원회시장,서울특별시 종로구 창경궁로34길 18-4,무료,,N,02-929-6933,37.5843155,127.0009993,
청덕원,경기도 성남시 분당구 문정로140번길 9-1 청덕원,무료,,N,031-702-5222,37.3825926,127.1522675,
게방식당,서울특별시 강남구 선릉로131길 17 1층,무료,,N,010-8479-1107,37.5173134,127.0394411,
광어2마리15000원,경기도 안양시 동안구 흥안대로 102,무료,,N,02-462-6801,37.3695559,126.9559563,
테라스바베큐키친,경기도 용인시 기흥구 청명산로 136 테라스바베큐키친,무료,,N,010-6440-0513,37.264975,127.0863128,
원디쉬파스타,서울특별시 강남구 선릉로129길 20 2층,무료,,N,02-515-7678,37.5161247,127.0399143,
한암동 정동점,서울특별시 중구 정동길 21-15 정동빌딩 신관 1층,무료,,N,02-3789-8324,37.5678521,126.9708541,
예천한우정육타운,서울특별시 강남구 삼성로103길 5 1층 예천한우정육타운,무료,,N,02-563-7887,37.5102865,127.0541402,
진1926 광교상현점,경기도 용인시 수지구 광교중앙로 305 광교2차 푸르지오시티 C동 117호,무료,,N,031-216-1926,37.2972893,127.0686609,
두어마리 논현점,서울특별시 강남구 언주로148길 14 청호불교문화원,무료,,N,02-3444-8777,37.5200175,127.0356429,
부자곱 천안점,충청남도 천안시 서북구 원두정3길 26,무료,,N,041-567-5080,36.8325874,127.1377909,
도쿄등심 여의도점,서울특별시 영등포구 여의나루로 50 한국교직원공제회관 지하1층 9호,무료,,N,02-782-2260,37.5218052,126.9256512,
신사 모소리,서울특별시 강남구 도산대로1길 24 1층 신사모소리,무료,,N,02-3447-0542,37.5181922,127.0201102,
사조회참치 삼성점,서울특별시 강남구 영동대로86길 17,무료,,N,02-561-4503,37.508317,127.065619,
어울더울 과천본점,경기도 과천시 제비울길 43 어울더울,무료,,N,02-503-6817,37.4095862,126.993128,
썸원스키친,울산광역시 남구 돋질로239번길 34,무료,,N,052-256-3520,35.5459912,129.3300112,
솜씨 여의도점,서울특별시 동작구 노들로2길 7 C동 지하 B06호,무료,,N,02-782-5388,37.5141209,126.9379258,
소담본가,경기도 이천시 마장면 억만리로22번길 10 소담본가,무료,,N,044-868-0292,37.2574214,127.3596448,
Gings Kitchen,경기도 파주시 조리읍 봉천로 37-23,무료,,N,070-8777-4125,37.7432937,126.8065103,
우천식육식당,서울특별시 강남구 도산대로8길 17 1층,무료,,N,02-3443-1005,37.5158287,127.0223846,
326숯불구이,서울특별시 성동구 장터5길 4 1층,무료,,N,070-7783-4320,37.5486298,127.0213596,
백경식당,서울특별시 용산구 한강대로54길 20,무료,,N,02-793-0785,37.5325,126.9726625,
청도양꼬치 영등포점,서울특별시 영등포구 영등포로 248 대흥빌딩 101호,무료,,N,02-703-7200,37.5187669,126.908772,
계탄집,서울특별시 광진구 능동로 31 1층 계탄집,무료,,N,02-464-6804,37.5343016,127.0677823,
잇츠,서울특별시 중구 을지로5길 16 삼화타워,무료,,N,032-322-1994,37.5670014,126.9846906,
뚝뗀,서울특별시 강남구 언주로 118 지하상가 112호,무료,,N,02-3461-4557,37.4869274,127.0520497,
평가옥 분당점,경기도 성남시 분당구 느티로51번길 9,무료,,N,031-786-1571,37.36959,127.110076,
6회말연어,서울특별시 관악구 봉천로 485-1 봉천동,무료,,N,02-871-0270,37.4820301,126.9540857,
화포식당 여의도점,서울특별시 영등포구 여의대방로65길 6 센터빌딩 2층 화포식당 여의도점,무료,,N,02-761-5563,37.5191547,126.9305158,
안치순 식당,충청북도 청주시 상당구 남사로89번길 64,무료,,N,010-5609-3760,36.6351138,127.485601,
송추가마골 인 어반 강남점,서울특별시 강남구 테헤란로 134 포스코타워 역삼 지하 1층,무료,,N,02-554-9290,37.4995167,127.0337421,
개화옥,서울특별시 강남구 압구정로50길 7 정동상가 107호,무료,,N,02-549-1459,37.5277987,127.0384408,
더라운드 삼성점,서울특별시 강남구 영동대로 648 삼안빌딩 1층,무료,,N,02-543-4448,37.5200328,127.0576029,
더블인,서울특별시 구로구 디지털로 272,무료,1,N,031-906-5300,37.4824822,126.8944369,
투뿔등심 광화문점,서울특별시 중구 세종대로 136,무료,,N,02-3783-0607,37.5684009,126.9785521,
치폴라로쏘,서울특별시 강남구 영동대로114길 5 B1층,무료,,N,02-512-1274,37.5153163,127.0603942,
세비야식당,경기도 수원시 영통구 센트럴파크로127번길 25 1층 세비야 식당,무료,,N,,37.2949124,127.0550572,
로얄맨션 서래마을점,서울특별시 서초구 사평대로22길 9 2층,무료,,N,02-593-2655,37.4992089,126.997773,
차돌풍,인천광역시 부평구 시장로30번길 11,무료,,N,031-8015-9193,37.4932205,126.7263476,
신씨고집,경기도 수원시 영통구 매탄로100번길 7-10 거산빌딩 2층,무료,,N,031-212-8850,37.2597016,127.0440427,
경인로570숯불구이,경기도 부천시 소사구 경인로 570,무료,,N,032-710-7555,37.486499,126.8177389,
늘목,경기도 고양시 덕양구 화신로260번길 36 1층 104호 늘목식당,무료,,N,052-998-1098,37.6320441,126.8329457,
주나규,서울특별시 송파구 올림픽로32길 39 주나규,무료,,N,010-9880-3116,37.513091,127.1108371,
삼목등심,서울특별시 동작구 흑석로13길 9 1층,무료,,N,02-822-3035,37.5091214,126.9606544,
육일장,경기도 수원시 권선구 호매실로218번길 122 1층 104호，105호，106호，107호,무료,,N,031-232-2046,37.266218,126.961505,
파브리카 충북대점,충청북도 청주시 서원구 1순환로 682 메가박스 청주사창 2층,무료,,N,043-277-8068,36.6327702,127.4605722,
바코,서울특별시 강서구 마곡동로10길 23 대방디엠시티 2차 106호,무료,,N,02-797-2047,37.5684015,126.8395157,
시드니양갈비 인천송도점,인천광역시 연수구 컨벤시아대로 81 2층 214，215호,무료,2,N,032-833-7101,37.3949167,126.650172,
몽뜰 동래점,부산광역시 동래구 중앙대로1381번길 33 1층 몽뜰,무료,,N,051-556-5999,35.2108581,129.0761492,
가마메시야 울림,서울특별시 강서구 마곡중앙로 76 힐스테이트에코 마곡역 1층 4번게이트 125~126호,무료,,N,010-9191-5745,37.5603074,126.8274198,
돈블랑 여의도점,서울특별시 영등포구 여의대방로67길 11 2층,무료,,N,02-784-9293,37.5198028,126.9302926,
상우가든,서울특별시 중구 을지로12길 28 제이매크로타워 B01,무료,,N,02-2268-1012,37.5650719,126.9906865,
북경성반점,경기도 성남시 수정구 복정로 90 1층,무료,,N,031-722-3255,37.4609702,127.1269404,
명품한우 상상,서울특별시 서초구 신반포로45길 53 한서빌리지1층101호,무료,,N,02-3442-4401,37.5123303,127.0174843,
국고집 선릉점,서울특별시 강남구 선릉로86길 30,무료,,N,02-557-8894,37.5036843,127.0522422,
오리지널팬케이크하우스 잠실점,서울특별시 송파구 잠실로 209 B1층,무료,,N,02-422-7481,37.513871,127.1063644,
아키아키,서울특별시 종로구 창덕궁1길 42 2층,무료,,N,043-262-2113,37.5794333,126.9868677,
부촌,서울특별시 종로구 종로 200-12,무료,,N,031-377-1501,37.5704109,126.9999166,
신비갈비살,서울특별시 강남구 강남대로158길 15 1층,무료,,N,02-543-5992,37.5190656,127.0201825,
반포등심,서울특별시 강남구 언주로148길 14 청호불교문화원,무료,,N,02-542-5469,37.520738,127.036489,
와세다야 이촌점,서울특별시 용산구 이촌로88길 3 점보아파트,무료,,N,02-796-0608,37.5182306,126.9787885,
우교당,경기도 수원시 영통구 청명남로12번길 9 1층,무료,,N,,37.2508731,127.0746171,
페피스,경기도 고양시 일산동구 일산로358번길 39 1층,무료,,N,,37.6680913,126.7847563,
고기랑,서울특별시 서대문구 연세로5다길 16 1층 고기랑,무료,,N,041-358-2006,37.5565786,126.9345959,
종각한우,서울특별시 종로구 종로9길 8 종각한우,무료,,N,02-733-5613,37.5705652,126.9843508,
일피오레,서울특별시 강남구 도곡로 175 202호,무료,,N,063-223-1454,37.4919894,127.0386275,
제주이와이,제주특별자치도 제주시 애월읍 하귀로 4,무료,,N,010-7109-9104,33.479627,126.397686,
바랗,서울특별시 강남구 도산대로 309 삼공빌딩 지하1층,무료,,N,02-542-8892,37.5222831,127.0352032,
라베리타(La Verita),서울특별시 마포구 포은로 78 2층,무료,,N,042-369-9645,37.5540265,126.9056737,
우미가,경기도 수원시 영통구 덕영대로1556번길 16 D동 168，169호,무료,,N,051-751-9293,37.2449658,127.0601147,
창고43 마곡점,서울특별시 강서구 공항대로 236 쿠쿠마곡빌딩 2층,무료,,N,02-2661-4003,37.5586172,126.8336311,
보라초,경기도 용인시 기흥구 금화로105번길 33 보라초등학교,무료,,N,02-3144-0966,37.2639331,127.107175,
금돈산,경기도 수원시 장안구 경수대로927번길 36 1층,무료,,N,031-246-9295,37.3004684,127.0073859,
육갑식당 대치점,서울특별시 강남구 도곡로 522 삼현빌딩 1층,무료,,N,02-556-9282,37.4995386,127.0635815,
JS가든 잠원점,서울특별시 서초구 잠원로4길 33-2 스타빌딩 B1F,무료,,N,02-595-1221,37.5128739,127.0108689,
삼정하누 본점,서울특별시 강남구 봉은사로26길 12 1층 삼정하누,무료,,N,02-501-3834,37.5061179,127.0331541,
일로집,서울특별시 강남구 선릉로82길 8 1층,무료,,N,050-7458-1510,37.5024475,127.0506908,
시골집우렁이쌈밥,경기도 수원시 팔달구 행궁로84번길 10-8,무료,,N,031-241-3770,37.2753249,127.014929,
동백섬횟집,부산광역시 해운대구 해운대해변로209번나길 17 우동 근생,무료,,N,051-741-3888,35.1604281,129.1546366,
하누비노 서현점,경기도 성남시 분당구 황새울로 314 유니퀘스트사옥 1층,무료,,N,031-709-2192,37.384487,127.1207299,
육감,서울특별시 종로구 청계천로 35 지하1층 일부호,무료,,N,02-584-8008,37.5693421,126.9813949,
우주,서울특별시 중구 세종대로 76 2， 3， 4층,무료,,N,02-595-1838,37.5629076,126.9768412,
좋은고기 삼산점,울산광역시 남구 화합로194번길 24,무료,,N,,35.541748,129.3422402,
고방채,서울특별시 영등포구 여의대방로65길 20 1층 고방채,무료,,N,,37.5201437,126.9294952,
오네스타키친,서울특별시 영등포구 여의대방로65길 17,무료,,N,070-8754-3517,37.519899,126.9291907,
투뿔나인,서울특별시 서초구 반포대로26길 70 1층,무료,,N,02-588-8692,37.4914137,127.0128929,
우봉,서울특별시 중구 세종대로20길 23 원창빌딩 512호,무료,,N,051-746-9256,37.5671225,126.9787094,
해운대암소갈비집,부산광역시 해운대구 해운대해변로 333 해운대암소갈비집,무료,,N,051-746-0033,35.1632313,129.1664355,
진성관,경기도 김포시 돌문로 50-6 두손프라자 2층,무료,,N,031-997-0306,37.6196804,126.7179248,
풍천가,서울특별시 강남구 도산대로56길 7,무료,,N,,37.5226278,127.04032,
참치의미,서울특별시 강동구 올림픽로48길 28 건창빌딩,무료,,N,02-479-2604,37.5288817,127.1215801,
진1926 하남미사점,경기도 하남시 미사대로 520 현대지식산업센터 한강미사 2차 D동 2층 242호,무료,,N,010-3310-9641,37.5585126,127.2041407,
우아하게,서울특별시 마포구 동교로 185 1층 우아하게,무료,,N,02-336-7883,37.5570525,126.9218227,
임가네,서울특별시 성동구 마장로37길 35-1 2층,무료,,N,033-262-5245,37.5688041,127.0406209,
혜화도담,서울특별시 종로구 대명1길 16-6 혜화도담,무료,,N,02-744-9850,37.5829844,127.0004867,
주신의 식탁,서울특별시 마포구 토정로 262 1층 주신의 식탁,무료,,N,02-6954-0079,37.5428564,126.9390592,
고기온도,서울특별시 종로구 삼일대로15길 21 1층 ondo,무료,,N,070-7543-5428,37.5687931,126.9862618,
돈블랑 광교역점,경기도 수원시 영통구 대학로 60,무료,,N,031-215-8295,37.3007151,127.0459278,
스무날,대전광역시 대덕구 한남로12번길 47 2층,무료,,N,,36.3523978,127.4246561,
참치열전 2호점,대구광역시 동구 화랑로25길 3 D동 1층 7호,무료,,N,,35.8745345,128.6400822,
사유의서재 남산,서울특별시 중구 퇴계로20길 13,무료,,N,,37.5596784,126.9858804,
우미돈,서울특별시 강남구 테헤란로33길 3-12 1층 우미돈 블랙 역삼점,무료,,N,02-6956-0333,37.5018421,127.0385457,
먼데이블루스 성내점,서울특별시 강동구 성내로6길 14-13 먼데이블루스 성내점,무료,,N,02-485-0542,37.5295866,127.1221172,
정인면옥,서울특별시 영등포구 국회대로76길 10 기독교침례회총회빌딩 1층,무료,,N,02-2683-2615,37.5306331,126.9217518,
육화몽 서현점,경기도 성남시 분당구 황새울로335번길 5 엔타운빌딩 1층 육화몽 서현점,무료,,N,031-696-1292,37.3861195,127.1218425,
꼬모도,서울특별시 강남구 테헤란로13길 18 우진빌딩 2층,무료,,N,051-245-5599,37.5009026,127.03228,
누룩골,인천광역시 계양구 경명대로 985,무료,,N,031-754-4155,37.5442763,126.7164408,
보리네생고깃간 시흥목감점,경기도 시흥시 마산로 104 2층,무료,,N,031-8042-6992,37.3707342,126.8582525,
하쯔호,서울특별시 영등포구 여의동로 213 금호리첸시아 B1F,무료,1,N,02-780-1634,37.518619,126.9396265,
비플리끄(Beflique),서울특별시 강남구 도산대로59길 16 4층,무료,,N,02-544-5288,37.5247777,127.0423927,
명인집 근대역사관점,전라남도 목포시 해안로173번길 45 0,무료,,N,061-244-8308,34.7863377,126.3818312,
풍로옥,울산광역시 남구 돋질로239번길 6,무료,,N,052-266-0210,35.5436416,129.3310295,
돈블랑 석촌호수점,서울특별시 송파구 석촌호수로 296,무료,,N,02-423-8400,37.511439,127.1077289,
에이컷스테이크 올림픽공원점,서울특별시 강동구 강동대로 187 파크뷰캐슬 2층,무료,,N,02-482-8050,37.5248294,127.1273418,
동하수산,경기도 고양시 덕양구 무원로 2 예일센스빌1차,무료,,N,031-970-3456,37.6129751,126.8325804,
복성각 마포본점,서울특별시 마포구 마포대로 63-8 삼창주택 지하 1층 복성각， 삼창 프라자 지하상가 - 복성각 -공덕역 1번 출구 뚜레주르 끼고 돌아서 오시면동서식품 뒷편 삼창프라자 지하상,무료,,N,02-703-3700,37.5420105,126.9478369,
진대감,서울특별시 중구 남대문로1길 57,무료,,N,02-596-0715,37.5635461,126.9774769,
송추가마골 인 어반 판교점,경기도 성남시 분당구 판교역로 145 알파리움 라스트리트 2동 2층 송추가마골 인어반,무료,,N,031-705-8504,37.3942932,127.1093137,
117파크,서울특별시 종로구 경희궁1길 16,무료,,N,02-735-0117,37.571689,126.970676,
코우,서울특별시 마포구 월드컵북로6길 88 1층,무료,,N,064-739-0789,37.5600961,126.9227561,
진대감 도곡점,서울특별시 강남구 남부순환로 2722 삼원빌딩 1층,무료,,N,02-529-1141,37.4855909,127.0437506,
달빛화로,서울특별시 강남구 봉은사로30길 78 3층,무료,,N,031-8003-1818,37.5025134,127.0370325,
화포식당 상암점,서울특별시 마포구 월드컵북로54길 17 사보이시티 DMC 2층 215호 화포식당,무료,2,N,02-6403-3335,37.5810585,126.8887065,
창고43 광주상무점,광주광역시 서구 상무시민로 129,무료,,N,062-383-4003,35.1554772,126.8532874,
시드니램1901,경기도 광명시 밤일로 8 1층~3층,무료,,N,02-897-6400,37.4520028,126.8636191,
라포레 트라토리아,서울특별시 서초구 서초중앙로 188 아크로비스타 상가 A동 로비층 111호,무료,,N,02-591-0999,37.4989804,127.0128201,
소꿉,서울특별시 용산구 장문로 147 나성빌딩 2층,무료,1,N,010-3430-8587,37.5283473,127.0054416,
오스테리아 워모잡(Uomojob),경기도 성남시 분당구 판교공원로2길 40-1 1층,무료,,N,031-701-9541,37.389703,127.0938597,
최우영수산 영등포점,서울특별시 영등포구 영등포로 161 당산동1가1층 최우영수산,무료,,N,,37.5210133,126.8994669,
대도식당 삼성점,서울특별시 강남구 삼성로 545 대도빌딩 1층 2층 3층,무료,,N,02-561-2283,37.5102305,127.0544988,
친구네,서울특별시 종로구 자하문로1길 32,무료,,N,02-472-1511,37.5765358,126.9706401,
푸에르코 여의도점,서울특별시 영등포구 국제금융로2길 32 파이낸스타워 4층 402호 푸에르코,무료,,N,02-6224-8292,37.5238818,126.924138,
헤이다이닝,울산광역시 남구 돋질로312번길 7 헤이다이닝,무료,,N,070-8777-7776,35.5428274,129.338941,
왕게수산,서울특별시 중구 다산로 203-1 1층,무료,,N,02-3432-1777,37.5615851,127.0143129,
동진참치,경기도 수원시 영통구 대학1로58번길 17,무료,,N,031-212-3423,37.2987263,127.0456204,
크래버대게나라 판교점,경기도 성남시 분당구 판교역로 178 서건타워 13층 크래버대게나라 판교점,무료,,N,031-8016-5593,37.3965995,127.1099884,
화랑해물,서울특별시 마포구 마포대로4나길 12,무료,,N,010-4892-8249,37.5384594,126.9461546,
초선과여포,서울특별시 서초구 서초대로78길 44 2층 201호,무료,,N,032-554-0990,37.4938971,127.0285054,
스시미니,경기도 성남시 중원구 산성대로 470 1층,무료,,N,031-733-1256,37.4535076,127.1610515,
수영동우담,부산광역시 수영구 수영로702번길 41-1,무료,,N,051-754-0284,35.1669799,129.1177013,
까슈,서울특별시 성북구 보문로34길 72-5,무료,,N,032-473-2002,37.5910075,127.0195556,
십삼대,인천광역시 남동구 인주대로623번길 32 1층,무료,,N,032-426-0013,37.451409,126.7065835,
세겹,서울특별시 마포구 토정로33길 5 1층,무료,,N,,37.5412205,126.9424634,
진성한우촌,서울특별시 영등포구 문래로4길 20 현대1차아파트상가동 105호,무료,,N,02-2671-6451,37.5191092,126.8832892,
돈사향,제주특별자치도 서귀포시 천지로 20 돈사향 올레시장본점,무료,,N,064-763-6900,33.249322,126.5609003,
어느멋진날,서울특별시 종로구 창경궁로 231,무료,,N,010-6380-9582,37.5826258,126.9980486,
다채 동대문점,서울특별시 중구 마장로1가길 23 DWP 9층,무료,,N,02-2231-3392,37.5689838,127.013555,
정진식당,서울특별시 양천구 신정중앙로 94,무료,,N,02-2602-3378,37.5262839,126.8620159,
무대리식당,경기도 수원시 팔달구 수성로157번길 49-16 1층,무료,,N,031-271-7707,37.2881937,126.988458,
돈블랑 송도트리플스트리트점,인천광역시 연수구 송도과학로16번길 33-3,무료,,N,032-310-9841,37.3795171,126.6609351,
마블링,서울특별시 영등포구 63로 32 라이프콤비빌딩 104호,무료,,N,02-2659-9292,37.5189363,126.9390518,
남산도담,서울특별시 중구 수표로6길 37-1 남산도담,무료,,N,02-2272-8926,37.562849,126.9925007,
한우등심전문돌판구이,인천광역시 연수구 컨벤시아대로 80 한우등심전문돌판구이,무료,,N,02-336-8593,37.3953068,126.6489583,
양가곱창,서울특별시 종로구 종로 19 르메이에르종로타운 3층,무료,,N,02-722-9295,37.5707496,126.9795892,
남포면옥,서울특별시 중구 을지로3길 24,무료,,N,02-777-3131,37.5671396,126.9815998,
향초초밥,경기도 고양시 일산서구 호수로856번길 8-17 1층 향초초밥,무료,,N,031-914-5007,37.670676,126.7490342,
핑하오,서울특별시 마포구 마포대로 45,무료,,N,02-3274-1188,37.540468,126.946381,
한우대가,경기도 광주시 광남안로 47,무료,,N,031-756-4272,37.3905705,127.2198418,
불꽃상회 영통점,경기도 수원시 영통구 청명남로34번길 21 영통테라스가든주차빌딩 213호,무료,,N,031-273-9888,37.2522039,127.0770114,
더폼비스트로(The Form Bistro),경상북도 경주시 태종로 797,무료,,N,054-771-3663,35.8411493,129.2150003,
계절포차 동해,서울특별시 영등포구 영등포로 237 계절포차동해,무료,,N,02-2672-3383,37.5195036,126.9078771,
양연화로,서울특별시 종로구 삼일대로17길 18 종로맛집 양연화로 종로직영점,무료,,N,,37.5692523,126.9865146,
소울한우,서울특별시 마포구 삼개로 16 신관 1층,무료,,N,,37.5393104,126.9474219,
이태리식당 당감,부산광역시 부산진구 당감로34번길 13 . 1층,무료,,N,051-949-8931,35.164974,129.0399605,
바른고기 정육점 강남점,서울특별시 강남구 테헤란로 110 지하1층,무료,,N,02-501-7020,37.4980858,127.0294592,
260도 부천점,경기도 부천시 원미구 신흥로 178,무료,,N,032-655-0260,37.5000925,126.7777623,
덕취원 다이닝라운지,강원특별자치도 동해시 동굴로 65 덕취원 다이닝라운지,무료,,N,033-535-0181,37.5181206,129.111197,
효탄,부산광역시 사하구 승학로2번길 41 5층 효탄,무료,,N,053-746-3555,35.1052449,128.9711198,
이야기둘,경기도 성남시 분당구 판교로319번길 13 113호,무료,,N,031-607-8092,37.4038497,127.1091349,
송추가마골 인 어반 영등포점,서울특별시 영등포구 문래로28길 25 영시티 S타워 로비층,무료,,N,02-6256-0150,37.5156919,126.8998721,
진진진 석쇠한판,경기도 부천시 원미구 소향로37번길 31-7,무료,,N,02-412-8082,37.5046832,126.7516967,
육갑식당 잠원직영점,서울특별시 서초구 잠원로 46-3 이디엘,무료,,N,02-598-9292,37.5088604,127.0086127,
모닥,경기도 남양주시 화도읍 북한강로 1138-1 모닥,무료,,N,053-653-1002,37.615481,127.3434417,
돈블랑 청담스퀘어점,서울특별시 강남구 도산대로 420 청담스퀘어 B동 4층,무료,,N,02-6407-7474,37.5228741,127.0420617,
배꼽집 문정점,서울특별시 송파구 법원로11길 7 문정현대지식산업센터 C동 지하2층 B215호,무료,,N,02-6956-1005,37.485283,127.1194043,
이경식당,경상북도 봉화군 춘양면 의양로2길 10-3,무료,,N,010-9494-9285,36.9376822,128.9141774,
우담,서울특별시 용산구 후암로 93,무료,,N,031-239-9232,37.5533718,126.9751021,
마포숯불갈비,서울특별시 강남구 도산대로 232 마포숯불갈비,무료,,N,02-516-1522,37.5208181,127.0328433,
조리인,서울특별시 강남구 도산대로53길 16 3층,무료,,N,02-517-3355,37.5241844,127.0385772,
돈미가,경기도 부천시 소사구 경인로536번길 49 1층 점포2호,무료,,N,031-216-9293,37.4843749,126.8164337,
앞바당,제주특별자치도 서귀포시 보목로70번길 8,무료,,N,064-732-9310,33.2385475,126.6026037,
수원,경기도 수원시 팔달구 효원로 241 수원시청,무료,,N,031-255-5526,37.2634759,127.028646,
스시메이진 구로점,서울특별시 구로구 디지털로 300 지밸리비즈플라자,무료,,N,02-6344-3782,37.4851397,126.8965171,
해룡마라룽샤,서울특별시 광진구 동일로18길 36 도시엔 1층,무료,,N,02-462-4009,37.539461,127.0647643,
명랑회관,서울특별시 서초구 서초대로50길 40 자연빌딩 1층,무료,,N,02-565-2662,37.4914909,127.0131476,
송추가마골 인 어반 광화문점,서울특별시 종로구 새문안로5길 31 센터포인트 광화문,무료,,N,02-6031-6210,37.5730367,126.9743603,
오양회참치,서울특별시 중구 세종대로21길 49 오양회참치,무료,,N,02-736-1001,37.568822,126.9758345,
마장동한우촌,서울특별시 성동구 마장로35길 68 마축일축산물시장,무료,,N,031-564-7777,37.570819,127.041349,
이여곰탕 역삼점,서울특별시 강남구 논현로85길 23 영원빌딩 1층,무료,,N,02-567-2508,37.498857,127.0360313,
송하정스시,서울특별시 강동구 상일로 39-8,무료,,N,010-7104-9482,37.5506738,127.172262,
송추가마골 인 어반 잠실점,서울특별시 송파구 송파대로 570 타워730 지하 1층,무료,,N,02-422-6446,37.5159393,127.0987997,
밥상한우,인천광역시 부평구 경원대로 1254 밥상한우,무료,,N,032-507-9615,37.4885762,126.7094853,
양파이,서울특별시 중구 남대문로1길 43 1층 양파이 시청점,무료,,N,02-794-1105,37.5630492,126.9772307,
제멜리,서울특별시 서초구 강남대로101길 39,무료,,N,02-511-4553,37.5174328,127.0175092,
쿡파스타,서울특별시 관악구 보라매로3길 29 지하1층 32호,무료,,N,031-901-3311,37.4912119,126.9250002,
고우가,서울특별시 중구 세종대로 136 광화문역 SFC몰 지하2층 205호 고우가 광화문점,무료,,N,,37.5684246,126.9782701,
타볼라,경기도 용인시 수지구 성복1로291번길 14-1 1층,무료,,N,010-8795-5082,37.3238045,127.0540951,
팔로피자,서울특별시 마포구 양화로6길 9-20 카메오빌딩,무료,1,N,02-324-8588,37.5498886,126.9156166,
돼지통,서울특별시 강남구 테헤란로19길 29 1층 돼지통,무료,,N,02-486-0101,37.5018869,127.0329153,
한조면옥,경기도 포천시 호병골1길 9,무료,,N,031-531-0511,37.8986286,127.1895972,
세광양대창 분당수내점,경기도 성남시 분당구 황새울로258번길 32 2층 203호， 204호 세광양대창 분당수내점,무료,,N,,37.3794825,127.1161782,
미친등심,대전광역시 유성구 문화원로 149 1층， 2층 하이엔드 미친등심,무료,,N,042-826-2428,36.3583443,127.3522063,
국고집,서울특별시 강남구 선릉로86길 30,무료,,N,02-575-8894,37.5036843,127.0522422,
옥토스,서울특별시 서초구 사평대로52길 11 1층,무료,,N,02-599-6789,37.5027066,127.0225869,
한우강자,경기도 용인시 수지구 성복2로 108-2 웰스톤겔러리 1층 113호,무료,,N,031-261-7200,37.3158271,127.0744205,
풍미,서울특별시 용산구 후암로 73 2층 풍미식당,무료,,N,031-272-0770,37.5524001,126.97652,
투뿔등심 여의도점,서울특별시 영등포구 국제금융로2길 24 BNK금융타워 B1층,무료,,N,02-2088-3041,37.5242552,126.9248796,
창고43 청담점,서울특별시 강남구 도산대로 421 JS빌딩 1，2층,무료,,N,02-515-3343,37.5238594,127.04199,
우뚝소곱창,서울특별시 동대문구 장한로23길 21 1층,무료,,N,,37.5713554,127.0694575,
토가라시,서울특별시 강남구 학동로25길 14 1층,무료,,N,02-515-5799,37.5145849,127.0289733,
거대갈비,부산광역시 해운대구 달맞이길 22,무료,,N,051-746-0037,35.161618,129.166969,
최연탄,서울특별시 마포구 새창로 20,무료,,N,02-712-3082,37.5419379,126.9520615,
풍천장어마을즉석숯불구이,서울특별시 송파구 송파대로 54 풍천장어마을,무료,,N,02-402-0092,37.4752221,127.1282626,
고깃느루 구월직영점,인천광역시 남동구 예술로192번길 25,무료,,N,032-422-0997,37.4514343,126.7028883,
맨션나인,서울특별시 강남구 테헤란로34길 21-8 금정빌딩 1층,무료,,N,070-4110-2920,37.5002422,127.0413264,
육목원,서울특별시 강남구 강남대로 328 2층 (강남역 쉐르빌),무료,,N,02-587-7123,37.4924077,127.0307149,
지우갈비,서울특별시 중구 퇴계로18길 20,무료,,N,02-777-2171,37.5600574,126.9852524,
용평회관,강원특별자치도 평창군 대관령면 횡계2길 15,무료,,N,033-335-5217,37.6735513,128.709125,
하누담,경기도 수원시 영통구 청명남로34번길 21 테라스가든 상가 2층 하누담,무료,,N,,37.2521013,127.0770708,
포도식당,경기도 김포시 양촌읍 김포대로 1770 상가건물 1층 109호,무료,2,N,02-514-9252,37.670693,126.6438099,
리에또,서울특별시 용산구 청파로47나길 13,무료,,N,02-581-5291,37.5455843,126.9668104,
식당입니다,인천광역시 미추홀구 경인로 228 1층,무료,,N,055-604-2597,37.4641607,126.6676001,
스시언,경기도 성남시 분당구 정자일로213번길 18 성원상떼뷰 리젠시 201동 102호,무료,,N,031-712-9069,37.3703254,127.1055794,
프랑스백반,서울특별시 중구 새문안로 32,무료,,N,010-8846-6604,37.5679288,126.9692398,
차알 판교점,경기도 성남시 분당구 동판교로177번길 25 2층 214， 215호(아브뉴프랑),무료,,N,031-701-7679,37.3968125,127.113767,
하모네꼬,서울특별시 마포구 성미산로15길 58-19 지1층，1층,무료,,N,,37.5641352,126.9173198,
동신참치,서울특별시 마포구 마포대로 143 지하 B103，B104，B105호,무료,,N,031-8003-0004,37.5473219,126.9530641,
고래와참치,대구광역시 수성구 범어천로 17,무료,,N,053-763-3154,35.848527,128.6232335,
카루소,경기도 양주시 장흥면 일영로 403,무료,,N,010-2507-2806,37.679988,126.9226831,
한남북엇국,서울특별시 종로구 인사동길 49,무료,,N,02-2297-1988,37.5744296,126.9835484,
쇼긴,서울특별시 강남구 논현로95길 14,무료,,N,02-566-8999,37.5023068,127.034676,
창고43 본점,서울특별시 영등포구 국제금융로6길 33 여의도백화점 m1층,무료,,N,02-783-4557,37.5207575,126.9269566,
청평돌짜장,경기도 가평군 청평면 북한강로 2040 청평돌짜장,무료,,N,031-585-3812,37.698388,127.3937982,
영등포꽃삼,서울특별시 영등포구 영중로4길 6 1층 영등포꽃삼,무료,,N,02-2678-8988,37.5171088,126.9070373,
루스트플레이스 외도점,제주특별자치도 제주시 우정로 80,무료,,N,064-748-9008,33.4856154,126.4306834,
교대수산,서울특별시 서초구 사임당로 85 롯데빌리지상가1층교대수산,무료,,N,02-597-1771,37.4898296,127.0189686,
도티누리,경기도 화성시 동탄오산로 86-7 1층 도티누리,무료,,N,031-376-7080,37.1979136,127.0975975,
욜로양꼬치,경기도 광명시 새터로 57 1층 욜로양꼬치앤마라탕,무료,,N,031-296-0730,37.4732467,126.8543409,
화양리정육식당,서울특별시 광진구 군자로 65 1층,무료,,N,010-7282-3209,37.5491529,127.0706175,
진1926 판교점,경기도 성남시 분당구 판교역로192번길 22 1층 101호 진1926,무료,,N,031-707-0292,37.3981483,127.112167,
종수가,서울특별시 용산구 독서당로 73 1층 5호,무료,,N,02-790-5542,37.5342707,127.0086313,
아시안테이블(Asian Table),서울특별시 종로구 성균관로3길 11 아시안테이블,무료,,N,02-415-7720,37.583457,126.9975107,
후발대,서울특별시 송파구 올림픽로12길 4-23 1층,무료,,N,051-802-5847,37.5111449,127.0816449,
스몰피쉬,대전광역시 서구 관저중로96번길 84 101호,무료,,N,042-533-2341,36.3000399,127.33954,
한맛,경기도 안양시 동안구 갈산로44번길 62,무료,,N,031-459-2959,37.3783088,126.9615112,
한암동 여의도점,서울특별시 영등포구 국제금융로2길 32 4층 401호,무료,,N,,37.5238818,126.924138,
회사랑방,경기도 성남시 분당구 돌마로486번길 12 효자촌 현대근린상가 지층 회사랑방,무료,,N,031-703-0162,37.3765632,127.1339906,
숙성시대,서울특별시 송파구 올림픽로 300 롯데월드몰 5층,무료,,N,02-598-9556,37.5133578,127.1035825,
문래그집,서울특별시 영등포구 선유로22길 3 1층 문래그집,무료,,N,070-4292-0090,37.5215653,126.8903942,
심야식당,서울특별시 강서구 마곡중앙로 161-1 롯데캐슬파크 226호,무료,,N,02-571-1056,37.5677764,126.8276315,
하이꼬꼬 권선동점,경기도 수원시 권선구 권선로699번길 8,무료,,N,031-236-8886,37.2594222,127.0281719,
영산포홍어,서울특별시 중구 퇴계로 427-1,무료,,N,02-576-7122,37.5658551,127.0191175,
태양정육식당,서울특별시 영등포구 문래로 92-3,무료,,N,02-2068-9112,37.519018,126.8923201,
으나수키친,부산광역시 해운대구 우동1로38번길 14-5 1F,무료,,N,010-7757-0711,35.1652842,129.1584946,
실비수산,경상북도 포항시 북구 죽도시장13길 14,무료,,N,031-711-0916,36.036504,129.36856,
도반,서울특별시 종로구 새문안로5가길 33 한누리빌딩 1층,무료,,N,02-1644-1803,37.5749258,126.9728772,
육정가,강원특별자치도 영월군 영월읍 봉래산로 95-1,무료,,N,033-375-7108,37.191322,128.4736601,
강남목장,서울특별시 강남구 논현로86길 34 역삼포커스빌딩,무료,,N,02-562-7003,37.500466,127.0402739,
파노파니,전북특별자치도 익산시 무왕로 861 파노파니 레스토랑,무료,,N,063-853-5533,35.9652053,126.9547148,
모도우,서울특별시 종로구 율곡로 6 트윈트리타워 B동 M층,무료,,N,02-6016-6916,37.5754402,126.9797454,
JJ165로스터스,부산광역시 강서구 낙동남로 648 케이엔비즈 빌딩 1층 JJ165 ROASTERS,무료,,N,051-959-1200,35.1161995,128.8887514,
부전한돈,서울특별시 강남구 일원로9길 46 1층 부전한돈,무료,,N,02-459-1092,37.4903481,127.0852696,
장어세상,서울특별시 중구 다산로 109 1층 장어세상,무료,,N,02-2234-6007,37.5537824,127.0097732,
언양생고기,서울특별시 용산구 대사관로30길 6 언양생고기,무료,,N,02-795-5618,37.5329946,127.0054921,
백수농원,부산광역시 수영구 수영로680번길 45 1층,무료,,N,051-761-0109,35.1661855,129.1176839,
돈슐랭,서울특별시 성동구 행당로17길 1-45,무료,,N,02-2294-6660,37.558713,127.0331793,
칠공강호 양꼬치,경기도 수원시 팔달구 갓매산로 69-1 칠공강호 양꼬치,무료,,N,031-252-2732,37.2697873,127.0031107,
못토철판요리,경기도 수원시 영통구 센트럴파크로127번길 97-1,무료,,N,010-7376-7888,37.2941252,127.0524703,
우마이,서울특별시 서대문구 연세로5가길 19 2층 교토우마이,무료,,N,031-8003-0883,37.5571939,126.9355561,
우생한우,서울특별시 강남구 강남대로112길 35,무료,,N,02-546-9233,37.5060699,127.0272286,
뚝심한우 여의도점,서울특별시 영등포구 국제금융로6길 26 한국노총회관 2층,무료,,N,02-6277-2800,37.5218297,126.9270513,
알바노,충청남도 논산시 가야곡면 산노1길 79-12,무료,,N,041-741-0888,36.1697377,127.1788144,
하오,서울특별시 용산구 한강대로 405,무료,,N,02-379-5400,37.5548376,126.9717326,
풀팬,서울특별시 강동구 올림픽로 660 엘크루 상가 104호,무료,,N,02-489-1919,37.5403058,127.1243434,
참치왕 양승호,서울특별시 중랑구 망우로 316 110.111호(상봉동.이지팰리스),무료,,N,02-3662-9779,37.5965986,127.0877021,
더이탈리안,서울특별시 강남구 테헤란로 517 현대백화점 10층,무료,,N,02-6409-5600,37.5084703,127.0596359,
젠코,서울특별시 금천구 가산디지털1로 24,무료,,N,02-599-0790,37.4684022,126.8876399,
스마일피쉬,서울특별시 송파구 충민로 66 가든파이브라이프 T동 7101호,무료,,N,02-470-7844,37.4775519,127.1250987,
무르무르드구스토,서울특별시 성북구 고려대로 102-2 4층,무료,,N,02-928-0683,37.5861092,127.0307665,
호왕,서울특별시 서초구 서초대로 91 1층 호왕,무료,,N,010-9514-8586,37.4875624,126.9922427,
금한우,서울특별시 성북구 고려대로7길 100,무료,,N,,37.5896782,127.018035,
타코로코,서울특별시 서대문구 연세로7안길 37 1층,무료,,N,02-333-6469,37.5581574,126.9346812,
기사문,강원특별자치도 양양군 현북면 기사문길 35-1 기사문밥집,무료,1,N,033-648-9077,38.0084672,128.7299998,
스시미나모토,인천광역시 연수구 컨벤시아대로 70,무료,,N,032-832-6710,37.3968708,126.6498645,
삼거리고기집,서울특별시 서초구 양재천로 67 신광빌딩,무료,,N,02-572-9289,37.474832,127.0369308,
우테이블,경기도 성남시 분당구 동판교로177번길 25 아브뉴프랑 1층 우테이블,무료,,N,031-703-4775,37.3980737,127.1135684,
송추가마골 인 어반 마포점,서울특별시 마포구 독막로 311 재화스퀘어 지하 1층,무료,,N,02-706-2900,37.54395,126.947375,
초원가든,서울특별시 종로구 북촌로2길 14,무료,,N,051-805-9242,37.5778368,126.9864319,
셰프 김태홍,서울특별시 서초구 사평대로55길 72 1층,무료,,N,010-2758-5634,37.5071715,127.0215886,
광화문석갈비,서울특별시 종로구 종로3길 17 D타워 3층 305호,무료,,N,02-318-6288,37.5710184,126.9789694,
취하당,충청북도 청주시 서원구 서원남로57번길 2 2층,무료,,N,02-558-5717,36.6221747,127.4815382,
만경상회,서울특별시 종로구 청계천로 195-21 중상 102호 (예지동) 만경상회,무료,,N,02-6369-4603,37.5696787,126.9991277,
태백한우실비,경기도 수원시 영통구 매영로345번길 7 영통트리플렉스 111호,무료,,N,070-7755-1584,37.2523855,127.0707003,
라무진 금정점,경기도 군포시 산본천로226번길 45 1층,무료,,N,031-397-8872,37.3699421,126.9434727,
심양 청담본점,서울특별시 강남구 선릉로161길 21 1층， 심양 청담본점,무료,,N,02-545-9211,37.5274153,127.0386001,
파스타앤그릴,경기도 수원시 권선구 매곡로 88 3층,무료,,N,031-227-2714,37.2716397,126.9557777,
하늘선,경기도 성남시 분당구 구미로122번길 6 하늘선(1층),무료,,N,031-786-1718,37.3395815,127.1223308,
다람,서울특별시 마포구 백범로 205 101동 1층 (공덕 푸르지오 펜트라우스) 다람제과,무료,,N,02-475-6047,37.5440083,126.9539171,
희정식당,서울특별시 영등포구 여의나루로 117,무료,,N,02-784-9213,37.5262971,126.931063,
어부의 식탁,인천광역시 서구 청라커낼로 270,무료,,N,031-559-5070,37.5383961,126.6538292,
진가와 광화문점,서울특별시 종로구 종로1길 50 더케이트윈타워 지하1층 진가와,무료,,N,02-720-9072,37.5747276,126.9790252,
베라 한남점,서울특별시 용산구 이태원로 272 SPC빌딩,무료,,N,02-796-7223,37.5387831,127.0020306,
차고145,경기도 성남시 분당구 판교역로 145 라스트리트 알파리움 2동 108호,무료,,N,031-781-1450,37.3939083,127.108842,
상원회관,경기도 수원시 영통구 대학1로 12 1층 상원회관 광교한우본점,무료,,N,031-214-2580,37.2976079,127.0426603,
탐라꿀순이,서울특별시 송파구 중대로33길 18,무료,,N,02-418-6523,37.5064917,127.129925,
Hi Tuna,경기도 성남시 분당구 백현로 152 106호,무료,,N,031-717-8237,37.372814,127.1149368,
육의전,,무료,,N,032-323-6292,37.5709013,126.9882221,
풍천민물장어,서울특별시 종로구 돈화문로11다길 3,무료,,N,02-544-0046,37.5727193,126.9901793,
청산도횟집,경기도 용인시 수지구 현암로 28,무료,,N,031-263-1990,37.3313804,127.1125393,
숙련도,서울특별시 마포구 도화길 49 숙련도,무료,,N,,37.5419969,126.950898,
상호미지수,부산광역시 부산진구 동천로132번길 40 1층,무료,,N,010-4779-2836,35.1601546,129.0642947,
거부,서울특별시 동작구 노들로 674 2층 18호 거부식당,무료,,N,02-719-3187,37.5148693,126.9368431,
조우,서울특별시 종로구 경희궁1길 10-1 조우 JOWOO,무료,,N,02-547-5800,37.5713722,126.9711866,
마장동 한우촌,서울특별시 성동구 마장로35길 68 마축일축산물시장,무료,,N,02-2281-9292,37.570819,127.041349,
육통령 교대직영점,서울특별시 서초구 반포대로20길 69 지온빌딩 1층 육통령,무료,,N,010-3942-8592,37.488843,127.013728,
풍경한우,경기도 용인시 수지구 성복2로 376,무료,,N,,37.3203105,127.0483603,
요우,서울특별시 송파구 오금로 538-1 1층 이자카야 요우,무료,,N,02-577-9074,37.4927514,127.1486279,
양파식당 본점,대구광역시 달서구 감삼길 15 1층,무료,,N,053-565-3886,35.8500654,128.5387052,
영주축협한우프라자 청계산역점,서울특별시 서초구 청계산로 197 영동농협 4， 5F,무료,,N,02-579-9292,37.4477134,127.0558494,
감성양고기,부산광역시 수영구 황령대로481번길 10-9 1층,무료,,N,051-900-9292,35.1390519,129.1076483,
락희옥 마포본점,서울특별시 마포구 백범로 170 공덕더샵아파트 101동 1층 1호,무료,,N,02-719-9797,37.5443604,126.9494971,
여기 풍천민물장어,경기도 성남시 분당구 대왕판교로 266,무료,,N,031-717-9745,37.3673868,127.1020525,
남자의부엌,대구광역시 수성구 유니버시아드로 312 2층 남자의 부엌,무료,,N,053-792-7272,35.8296294,128.7047589,
선유실비,서울특별시 영등포구 양평로22나길 3 런던파크 1층 선유실비,무료,,N,010-2365-2426,37.5387094,126.8941159,
일신정육식당,서울특별시 마포구 신촌로34길 14 지상1층,무료,,N,031-755-1538,37.5565466,126.9543888,
올리브그릴,경기도 성남시 분당구 운중로146번길 15-3 1층,무료,,N,031-8016-6341,37.3908076,127.0801498,
르포트13,서울특별시 강남구 압구정로4길 13-13 1층,무료,,N,,37.5222991,127.0211801,
150,서울특별시 종로구 창경궁로 150 1층,무료,,N,02-544-1501,37.5756811,126.997616,
징기스칸램,경기도 화성시 동탄역로 124 윤정프라자 1층 109호， 110호,무료,,N,031-355-2383,37.1976739,127.0966267,
일지오,경기도 안양시 동안구 시민대로 171 금강벤처텔,무료,,N,031-381-1919,37.391158,126.9501019,
세석정,서울특별시 서초구 강남대로10길 21 2층,무료,,N,02-555-0964,37.4686119,127.0405062,
뻬뽈리(Peppoli),경기도 고양시 일산서구 탄현로6번길 25,무료,,N,031-911-0024,37.6932294,126.7746076,
우곳간,서울특별시 마포구 월드컵북로44길 76-9 1층， 2층,무료,,N,070-7778-3113,37.577899,126.8938208,
더좋은한우,부산광역시 수영구 민락수변로 29,무료,,N,051-758-2525,35.1532612,129.124778,
삼정하누 광화문점,서울특별시 종로구 사직로8길 11 1층~2층,무료,,N,02-722-8500,37.5750298,126.970178,
야자수지붕,대구광역시 중구 경상감영길 229 1층,무료,,N,053-256-3723,35.8715616,128.5999033,
우미남 화명점,부산광역시 북구 용당로16번길 20 1층,무료,,N,010-2258-1620,35.2326339,129.0087469,
스시화정,서울특별시 중구 세종대로14길 29,무료,,N,02-757-7766,37.5629054,126.9783335,
청담한우,서울특별시 강남구 영동대로 647 청담역 푸르지오시티 1층 101호， 102호， 103호,무료,,N,031-722-0554,37.5196601,127.0566416,
영스타,서울특별시 서초구 서래로8길 1 보스톤빌딩 2층,무료,,N,02-537-8867,37.4987187,126.9986357,
하나샤부정,서울특별시 강남구 삼성로108길 23 1층,무료,,N,02-538-7114,37.5123085,127.0559483,
한우공방,서울특별시 종로구 종로9길 8 1층,무료,,N,02-723-6800,37.5707177,126.9845285,
간사이등심(3층),경기도 수원시 영통구 효원로 393 304,무료,,N,031-212-8680,37.2591145,127.0446907,
한와담 가든,서울특별시 중구 장충단로 170 1층 한와담 가든,무료,,N,02-2274-7905,37.5598666,127.0059848,
쉐누하누,경기도 성남시 분당구 판교역로 145 알파리움2단지 라스트리트 201， 202， 203호,무료,,N,031-703-5530,37.3940695,127.108601,
조대포,서울특별시 용산구 한강대로 272-1 1층,무료,,N,,37.5426096,126.9728974,
창고43 역삼점,서울특별시 강남구 테헤란로 306 카이트타워 1층,무료,,N,02-501-4343,37.5026375,127.0440232,
우미남 마산역점,경상남도 창원시 마산회원구 석전동15길 1 2층 우미남 마산역점,무료,,N,010-8299-1614,35.2353836,128.5789398,
몽미,서울특별시 마포구 월드컵북로48길 50 1층,무료,,N,,37.5776864,126.8961991,
등심연구소 대전본점,대전광역시 유성구 죽동로279번길 53-3 1층 등심연구소,무료,,N,042-825-1657,36.3711851,127.33972,
동인,서울특별시 종로구 인사동길 49 인싸골 4층 407， 408호,무료,,N,053-354-7997,37.5744663,126.9835556,
하선집,부산광역시 해운대구 좌동순환로 395 1층 105， 106， 107， 108호,무료,,N,,35.1623542,129.1772292,
화포식당 야탑점,경기도 성남시 분당구 야탑로111번길 14 1층 화포식당,무료,1,N,031-701-0201,37.4109159,127.1313683,
303화덕 송정점,부산광역시 해운대구 송정광어골로 93 1，2층 303화덕,무료,,N,051-701-3035,35.1733411,129.1968345,
마드레파스타,서울특별시 금천구 시흥대로 399 시티렉스,무료,,N,02-892-9298,37.4694106,126.8974623,
미주,서울특별시 종로구 자하문로2길 5,무료,,N,,37.5765781,126.9730496,
삼천포사랑도횟집,대전광역시 유성구 은구비서로24번길 54,무료,,N,042-477-7489,36.374804,127.3212558,
대관원,서울특별시 영등포구 당산로37길 1,무료,,N,02-2068-8791,37.5294043,126.8979053,
고깃집 왕고을,서울특별시 성동구 왕십리로24길 10-2,무료,,N,02-2292-3399,37.5631669,127.0341411,
푸에르코 삼성,서울특별시 강남구 테헤란로87길 35 2층,무료,,N,02-566-8292,37.5101067,127.0579086,
윤희횟집,부산광역시 수영구 광안해변로344번길 17-17 3층 윤희횟집,무료,,N,051-754-9510,35.1553084,129.1315361,
창고43 송도점,인천광역시 연수구 송도국제대로 157 3층,무료,,N,032-817-0043,37.3810145,126.6567037,
마켓오 도곡점,서울특별시 강남구 남부순환로 2744 2745，,무료,1,N,02-3463-2700,37.4869954,127.0461465,
정돈,서울특별시 종로구 대학로9길 12 지층,무료,,N,031-712-4966,37.5818016,127.0011237,
솔잎농원,경기도 고양시 덕양구 대주로 125-23,무료,,N,031-962-5700,37.6368204,126.8133963,
고놈들,서울특별시 도봉구 우이천로 284 2층,무료,,N,02-3476-8333,37.6436432,127.0305668,
조수사,서울특별시 강남구 테헤란로14길 6 남도빌딩 1층,무료,,N,02-564-1133,37.4990085,127.0329491,
다담시리,부산광역시 남구 신선로 566 GS하이츠자이 401-115,무료,,N,051-611-8893,35.1325002,129.1099499,
Mo,서울특별시 서대문구 북아현로22마길 34 한양홈타운 402호,무료,,N,031-901-2479,37.5651087,126.955704,
광양본가,서울특별시 강남구 테헤란로 124 삼원타워 1층， 2층,무료,,N,02-555-8494,37.4989113,127.0319388,
북촌도담,서울특별시 종로구 북촌로1길 9,무료,,N,02-720-9850,37.5773706,126.9852814,
제주홍도야지,대전광역시 유성구 테크노중앙로 50 디티비안에스 1층 A112호,무료,,N,031-796-3445,36.426287,127.3906545,
VIP참치 북창점,서울특별시 중구 남대문로1길 6 은성빌딩 2층,무료,,N,02-777-0081,37.5613585,126.9776716,
청기와타운 서울대점,서울특별시 관악구 남부순환로 1838 1층,무료,,N,02-3285-1474,37.4805145,126.9540895,
차돌소풍,서울특별시 서초구 강남대로47길 30,무료,,N,02-587-5692,37.4886054,127.0299955,
코마,서울특별시 중구 충무로5길 11,무료,,N,042-825-4511,37.5650791,126.9919512,
진가,서울특별시 마포구 동교로34길 12 2층 진가,무료,,N,02-780-2018,37.5609162,126.9249833,
삼도갈비,경기도 부천시 원미구 상이로85번길 32,무료,,N,032-324-8600,37.4966717,126.7425175,
화반 방이점,서울특별시 송파구 오금로13길 8 1층 화반,무료,,N,,37.5131424,127.1085914,
창고43 명동점,서울특별시 중구 을지로 100,무료,,N,02-6031-0081,37.565719,126.9887019,
바른고기 정육점 서래마을본점,서울특별시 서초구 동광로 80,무료,,N,02-3482-5963,37.4929145,126.9912899,
우판등심,경기도 수원시 영통구 권선로908번길 10,무료,,N,031-204-0086,37.2484195,127.0455147,
만발,서울특별시 성북구 동소문로20길 32,무료,,N,02-535-7456,37.591105,127.016672,
엘이베리코,서울특별시 강남구 압구정로28길 22-7,무료,,N,02-3443-6888,37.5250428,127.0269115,
누쿠미,인천광역시 부평구 경원대로1377번길 9-1 1층 누쿠미 부평본점,무료,,N,032-511-4862,37.4917378,126.7219486,
마장동한우촌 팔당점,서울특별시 성동구 마장로35길 68 마축일축산물시장,무료,,N,031-577-9295,37.570819,127.041349,
더원,,무료,,N,02-3443-4848,37.56405,126.980053,
마토,서울특별시 종로구 창경궁로34길 10 1층,무료,,N,02-543-0488,37.5846201,127.0009163,
소문,서울특별시 중구 남대문로1길 26-17,무료,1,N,02-720-5775,37.5623656,126.9782631,
육덕등심 본점,서울특별시 강남구 학동로4길 49,무료,2,N,02-547-1555,37.5084029,127.0243908,
양식탁,서울특별시 송파구 위례성대로12길 10 1층 소양식탁,무료,,N,062-524-1538,37.5129378,127.1224011,
와우리장작구이 백운호수점,경기도 의왕시 백운로 394,무료,,N,031-426-5392,37.3741426,127.0037554,
송추가마골 하남미사점,경기도 하남시 미사대로 438,무료,,N,031-794-9566,37.5650019,127.1987428,
크로셰(Crochet),서울특별시 송파구 동남로 189 지하1층 110호,무료,,N,02-2043-2005,37.4946917,127.1298678,
팔공,서울특별시 관악구 남부순환로 1680,무료,,N,053-754-1012,37.4841255,126.9371352,
소나무,서울특별시 종로구 삼일대로 422,무료,,N,02-546-0111,37.5722149,126.9880126,
안식,서울특별시 강남구 도곡로99길 31 1층， 안식 레스토랑,무료,,N,02-2039-7861,37.5025558,127.064973,
복대감 일원동점,서울특별시 강남구 일원로9길 42 1층 삼성서울병원 맞은편 골목,무료,,N,02-3414-9292,37.4902505,127.0849925,
창고43 일산점,경기도 고양시 일산동구 정발산로 21 J3타워 3층,무료,,N,031-909-1392,37.6570253,126.7712256,
갈비명가이상 답십리점,서울특별시 동대문구 천호대로 327,무료,,N,02-2243-8200,37.5645078,127.0563991,
라뜰리에,서울특별시 종로구 율곡로2길 19,무료,,N,02-2071-9507,37.5745267,126.981028,
우탭,서울특별시 서초구 서초대로78길 22 홍우빌딩 B1,무료,,N,02-588-9974,37.49593,127.0275179,
무초,서울특별시 서초구 마방로10길 18-16,무료,,N,,37.4761047,127.0431715,
뜨라또리아 단테,부산광역시 수영구 광남로 156-1,무료,,N,051-923-8879,35.1551324,129.1184139,
38포차,서울특별시 성북구 고려대로26길 45-5 1층,무료,,N,031-227-3866,37.5845452,127.0302416,
홍천한우애,강원특별자치도 홍천군 홍천읍 양지말길 12,무료,,N,033-432-9279,37.6585489,127.8302056,
충무집,서울특별시 중구 을지로3길 30-14,무료,,N,02-776-4088,37.5673602,126.9819824,
나주집,서울특별시 종로구 창경궁로 88-13,무료,,N,02-790-9600,37.5703964,126.9988285,
하남돼지집 압구정로데오점,서울특별시 강남구 압구정로46길 27 명원빌딩 1층,무료,,N,02-518-6988,37.5268889,127.0363761,
청하,서울특별시 종로구 자하문로10길 25,무료,,N,02-780-7721,37.5794749,126.9728999,
진동둔횟집,서울특별시 서초구 강남대로91길 18 36-32,무료,,N,02-544-2179,37.5122694,127.019655,
푸에르코 판교점,경기도 성남시 분당구 분당내곡로 117 그레이츠판교 201호,무료,,N,031-622-7501,37.3941213,127.1122254,
압구정제주집,서울특별시 강남구 논현로152길 36 1층,무료,,N,02-514-5882,37.521559,127.0311174,
사천노마훠궈 종로점,대구광역시 중구 종로 48-1 2층,무료,,N,053-252-3822,35.8701601,128.5914109,
자인뭉티기,서울특별시 서초구 강남대로37길 24-7 호원빌딩,무료,,N,02-597-2158,37.4851869,127.0321774,
숨,서울특별시 중구 덕수궁길 9 6층 601호,무료,,N,070-4024-3266,37.5648024,126.9762374,
일품풍천장어,서울특별시 중랑구 상봉로 59 유영빌딩,무료,,N,063-282-8383,37.5912081,127.0933034,
취연,서울특별시 마포구 마포대로 52 고려아카데미텔2 504호,무료,,N,,37.5403379,126.9476643,
이헌한우 두번째이야기,광주광역시 서구 운천로154번길 4 이헌한우두번째이야기 한우다이닝 상무지구 쌍촌점,무료,,N,062-383-3663,35.1460225,126.8575723,
루싱(Luxing),서울특별시 중구 한강대로 416 서울스퀘어 B1,무료,,N,02-6456-8911,37.5557919,126.9733954,
미방 마포점,서울특별시 마포구 토정로32길 17 1층 미방마포점,무료,,N,02-713-9668,37.5398413,126.940561,
회의시간,서울특별시 성북구 종암로9길 86 상가동 102호,무료,,N,070-4809-2955,37.5977581,127.0330543,
낯선집,서울특별시 은평구 진흥로1길 60 1층,무료,,N,02-6081-9546,37.6056579,126.9183087,
타이가,서울특별시 서초구 주흥길 13 1층 타이가,무료,,N,02-545-9921,37.5044619,127.0201347,
타마스시,서울특별시 영등포구 은행로 30 1층,무료,,N,02-786-1634,37.5279076,126.9227831,
양육점 학동점,광주광역시 동구 의재로 24,무료,,N,062-224-8466,35.1327191,126.9302396,
남경미락,제주특별자치도 서귀포시 안덕면 사계남로 190-7,무료,,N,064-794-0055,33.2302172,126.308946,
영동소금구이 신사점,서울특별시 강남구 강남대로156길 15 B1， 1F,무료,,N,02-515-6351,37.5183088,127.0204423,
효자동목고기,서울특별시 종로구 종로16길 24 관철동26번지,무료,,N,02-543-7989,37.5689692,126.9885983,
진가와 한국본점,서울특별시 강남구 논현로94길 25-3,무료,,N,02-564-8553,37.5030257,127.0382238,
비프트래커,인천광역시 중구 우현로83번길 17,무료,,N,032-777-0725,37.4745967,126.6293915,
달바당,부산광역시 해운대구 좌동순환로 473 111호 달바당,무료,,N,,35.1626422,129.1704735,
도쿄등심 광교점,경기도 수원시 영통구 광교호수공원로 80 광교앨리웨이 3층 310호,무료,,N,031-214-8324,37.2746352,127.0611764,
화국반점,부산광역시 중구 백산길 3,무료,,N,051-245-5305,35.1025749,129.0342247,
JS가든 청담점,서울특별시 강남구 도산대로 318 SB타워 C동 1층,무료,,N,02-3446-5288,37.5217067,127.0367103,
만정,서울특별시 종로구 삼청로 124-2 만정 (2층，3층),무료,,N,02-733-1392,37.5863492,126.981912,
다이닝늘,서울특별시 중구 동호로 354 동대문라마다호텔 1층 레스토랑 다이닝늘,무료,,N,02-2139-7615,37.5659405,127.0028121,
대규스시,서울특별시 종로구 동숭3길 1 1층,무료,,N,010-5606-7892,37.5812631,127.004428,
우미남 명지점,부산광역시 강서구 명지국제6로232번길 16-9 1층,무료,,N,010-2801-3690,35.0952417,128.9238755,
육덕등심 정자점,경기도 성남시 분당구 정자일로 135 푸르지오시티 D동 206호,무료,,N,031-625-6666,37.3622811,127.1057247,
음밀한양,대구광역시 중구 달구벌대로450길 10 음밀한양 1층,무료,,N,,35.8613909,128.6074964,
신촌형제갈비,서울특별시 서대문구 명물1길 2,무료,,N,02-365-0001,37.5578619,126.937343,
창고43 삼성점,서울특별시 강남구 테헤란로 534 글라스타워 지하 1층,무료,,N,02-3453-4343,37.5081538,127.0626946,
우사,서울특별시 중구 다산로39길 45 1층,무료,,N,032-429-0032,37.5646224,127.0134485,
돈멜,경기도 성남시 분당구 느티로63번길 6 1층 돈멜,무료,,N,,37.3690888,127.1118153,
와우리장작구이 동탄점,경기도 화성시 여울로 127,무료,,N,031-222-5299,37.2104862,127.0532068,
풍년갈비,서울특별시 용산구 새창로 130,무료,,N,031-242-2233,37.5360244,126.9610516,
우대박,서울특별시 강남구 도산대로46길 21 논현동 한진 로즈힐 아파트,무료,,N,02-548-1121,37.5207606,127.0375097,
더비스트로조선,경기도 고양시 일산서구 탄중로101번길 41 더 비스트로 조선,무료,,N,031-916-9900,37.6942788,126.7552466,
육블럭,경기도 성남시 분당구 정자일로213번길 10 성원상떼뷰리젠시 101동 1층 105，106호,무료,,N,031-715-6692,37.3699725,127.1057635,
코하마,경기도 고양시 일산동구 산두로213번길 23 1층,무료,,N,010-5509-7852,37.674353,126.779909,
명가양꼬치,서울특별시 용산구 원효로97길 9-1,무료,,N,02-730-7686,37.5416629,126.9698789,
삼다옥1947 수내점,경기도 성남시 분당구 황새울로258번길 28 1층 삼다옥1947,무료,,N,031-717-3123,37.3796175,127.1164984,
근식당,충청북도 청주시 흥덕구 서현중로 58 근식당,무료,,N,02-546-7992,36.6236023,127.4288542,
옛날오막집,부산광역시 서구 구덕로274번길 14,무료,,N,051-243-6973,35.1090017,129.0197772,
이박사의 신동막걸리,서울특별시 마포구 토정로 263 1층，2층,무료,,N,02-702-7717,37.5429474,126.9395287,
카페성수,서울특별시 성동구 서울숲2길 8-7 B1,무료,,N,02-465-1077,37.5472472,127.0395659,
청기와타운 영등포본점,서울특별시 영등포구 영중로10길 32-4,무료,,N,02-2068-9203,37.5184006,126.9085101,
하이디라오 홍대점,서울특별시 마포구 양화로 176 동교동 와이즈파크 5층,무료,,N,02-332-7668,37.557251,126.9249991,
JS가든 압구정점,서울특별시 강남구 언주로174길 13,무료,,N,02-3447-4488,37.528521,127.0350335,
봄에한우,서울특별시 강남구 언주로30길 21 아카데미스위트 별관2층,무료,,N,02-574-8556,37.4882122,127.0522213,
오발탄 여의도점,서울특별시 영등포구 여의대방로65길 20 2층,무료,,N,02-785-0092,37.5202196,126.929517,
라무진 양남사거리점,서울특별시 영등포구 선유로22길 3 유선빌딩 1층,무료,,N,02-2633-5337,37.5215618,126.8903087,
까폼,서울특별시 강남구 선릉로153길 18 지하1층,무료,,N,02-6081-7318,37.5248885,127.0380137,
선릉가든,서울특별시 강남구 선릉로100길 34 남영빌딩 1층,무료,,N,02-566-0688,37.5066884,127.0500702,
하누리,서울특별시 중랑구 용마산로 384 B동 1층,무료,,N,02-438-9292,37.5857385,127.0955365,
더 센다이,서울특별시 마포구 큰우물로 75 성지빌딩지하1층 18호19호,무료,,N,02-718-8788,37.5412579,126.9462963,
통영바다한상,경상남도 거제시 동부면 거제중앙로 288 2층 211호,무료,,N,031-266-2228,34.7843041,128.632987,
스시시로,부산광역시 동래구 명륜로94번길 21 1층,무료,1,N,02-336-8353,35.2032452,129.0837598,
금송아지,서울특별시 은평구 응암로 218 1층,무료,,N,033-643-8292,37.591423,126.9177147,
송추가마골 본관,경기도 양주시 장흥면 호국로 525,무료,,N,031-826-3311,37.7175237,126.9722688,
해도수산,서울특별시 관악구 남부순환로 1855 1층,무료,,N,02-882-2008,37.4802441,126.9561518,
뚝심한우 센터원점,서울특별시 중구 을지로5길 26 미래에셋센터원빌딩 B2,무료,,N,02-6030-8905,37.5675736,126.9851252,
바우한우,서울특별시 강남구 선릉로89길 16 1층 바우한우,무료,,N,02-501-0440,37.5033501,127.0477783,
해락,부산광역시 기장군 기장읍 동암해안길 74,무료,,N,02-735-8282,35.1962813,129.22717,
미나미이치,경기도 성남시 분당구 미금일로74번길 8 1층 미나미이치,무료,,N,031-719-0590,37.3464091,127.1117615,
보헴비스트로,서울특별시 마포구 양화로 94,무료,,N,02-324-0018,37.5524186,126.9182515,
이탈리아국립피자학교,서울특별시 양천구 목동동로 339 목동트위빌1층 104~7호,무료,,N,02-2065-8761,37.5322015,126.8767962,
교토화로,경기도 평택시 특구로 6,무료,,N,031-611-8197,37.0659945,127.0631768,
화르고,대전광역시 유성구 관들3길 77-23,무료,,N,042-933-9362,36.4235443,127.390686,
뜨락,서울특별시 용산구 한강대로40길 18-6,무료,1,N,02-543-2987,37.5299971,126.9701086,
서울로인 서울숲점,서울특별시 성동구 서울숲2길 32-14 갤러리아포레상가 102동 2층 203-2호,무료,,N,02-466-0329,37.5457802,127.04197,
마카오의밤,경기도 수원시 영통구 덕영대로 1566,무료,,N,031-278-5294,37.2450763,127.0618558,
화포식당 한남점,서울특별시 용산구 대사관로34길 9,무료,2,N,02-794-9393,37.5327794,127.0063074,
돈복,서울특별시 영등포구 양산로 88-4,무료,,N,031-701-2112,37.5244126,126.8926631,
카엔 광주봉선점,광주광역시 남구 봉선중앙로47번길 12 카엔,무료,,N,062-655-8027,35.125082,126.9100685,
양바위,경기도 성남시 분당구 동판교로177번길 25 판교 아브뉴프랑 1층 양바위 본점,무료,,N,031-706-9288,37.3976939,127.1135741,
루스트플레이스 인제점,제주특별자치도 제주시 고마로 103 1층,무료,,N,,33.5052239,126.5415214,
루스트플레이스 신서귀포점,제주특별자치도 서귀포시 신서로48번길 22 광진하우스 1층 루스트,무료,,N,064-738-9008,33.2535657,126.5073374,
오통영,서울특별시 용산구 이촌로 300 렉스상가 12-2,무료,,N,02-794-2377,37.5179643,126.9797949,
하이디라오,서울특별시 중구 명동3길 36 1층,무료,,N,02-6361-8260,37.5653492,126.9837511,
육시리 구월중앙점,인천광역시 남동구 성말로 16 201호,무료,,N,032-421-3558,37.4451351,126.7022415,
홍쉐프,서울특별시 송파구 법원로 114 엠스테이트빌딩 지하1층 117호 C동엘레베이터앞,무료,1,N,02-325-7971,37.4858006,127.1203754,
스니(SNY),서울특별시 강남구 도산대로 439 8층,무료,,N,02-547-0220,37.5240931,127.0438023,
화포식당 황학사거리점,서울특별시 성동구 왕십리로 410 센트라스I동 상가 1층 156호,무료,,N,02-2282-1284,37.5674538,127.0237638,
대관령한우프라자,강원특별자치도 평창군 봉평면 무이진등길 37 1층 대관령한우프라자,무료,,N,033-332-7222,37.603401,128.341383,
루스트플레이스 삼화점,제주특별자치도 제주시 화삼로 21 3층,무료,,N,064-751-9008,33.5144364,126.5754135,
루,서울특별시 용산구 신흥로11길 50 지하1층 B02호,무료,,N,033-252-1019,37.5447924,126.9861475,
예당골돼지촌,경기도 성남시 분당구 분당로263번길 67 대명상가 1층 예당골 돼지촌,무료,,N,010-5781-2468,37.3736532,127.1418406,
영동교집,서울특별시 강남구 선릉로148길 11,무료,,N,02-461-1818,37.5226361,127.0405893,
리안,서울특별시 중구 남대문로 67 롯데영플라자,무료,,N,054-471-1716,37.5636657,126.9813548,
마켓오 압구정점,서울특별시 강남구 도산대로 310,무료,1,N,02-515-0105,37.521581,127.0354212,
장천집 용원점,경상남도 창원시 진해구 용원중로26번길 3 1층,무료,,N,,35.0995353,128.8165725,
스시쵸우,서울특별시 용산구 이촌로 319 108호 스시쵸우,무료,,N,02-749-0235,37.5179629,126.982327,
마야양고기 통영점,경상남도 통영시 광도면 죽림2로 86-44 영웅빌딩 1층,무료,,N,055-645-0165,34.8777178,128.4214875,
송추가마골 인 어반 상암점,서울특별시 마포구 성암로 267 문화방송 지하1층 116호,무료,,N,02-371-0015,37.580827,126.8908735,
블랙문,서울특별시 서대문구 통일로 105 2층 블랙문,무료,,N,,37.5643583,126.9675889,
예가숯불갈비,서울특별시 마포구 마포대로24길 51,무료,,N,02-822-0401,37.5518693,126.9621114,
영월애곤드레 인천본점,인천광역시 남동구 매소홀로 864,무료,,N,032-466-3077,37.4389451,126.7184419,
하일아트,서울특별시 서초구 남부순환로 2423,무료,,N,02-3471-1727,37.4818396,127.0154721,
옥상나들이,서울특별시 영등포구 문래북로 52 은진빌딩4층,무료,,N,02-3667-1403,37.5207131,126.8908372,
삼미대포,인천광역시 연수구 신송로 153 더 마란츠타워 1층 124호,무료,,N,032-833-3254,37.3971339,126.6488398,
육식예찬,서울특별시 구로구 디지털로32나길 17-19 2층,무료,1,N,02-865-7722,37.4840815,126.9000494,
샤블리,서울특별시 성동구 서울숲4길 28 2층,무료,,N,02-511-8867,37.5469189,127.0438522,
창고43 상암점,서울특별시 마포구 매봉산로 75 DDMC 타워 2층,무료,,N,02-303-4343,37.5784517,126.8928993,
뚝심한우 시청점,서울특별시 중구 통일로2길 16 AIA Tower B1,무료,,N,02-6190-5001,37.5609019,126.9716559,
돈오락쪽갈비 수영점,부산광역시 수영구 수영로725번길 24 동아빌딩 2층,무료,,N,051-754-8292,35.1688534,129.1176113,
마구로슈토,서울특별시 송파구 양재대로62길 44 2층,무료,,N,02-400-0865,37.4962127,127.1202669,
성산왕갈비,서울특별시 마포구 월드컵북로 233 성산시영아파트내 상가,무료,,N,02-306-2001,37.5699416,126.9032687,
하루루(Haruru),경기도 성남시 수정구 위례동로 141 1층 108호,무료,,N,02-512-1002,37.4725175,127.1501848,
우가,서울특별시 종로구 종로 198-2,무료,,N,02-6272-2223,37.5706824,126.9997502,
창고43 여의강변점,서울특별시 영등포구 여의서로 43 한서리버파크 3층,무료,,N,02-782-9222,37.5307751,126.9248935,
그랑한우,서울특별시 강서구 마곡중앙6로 66 퀸즈파크텐 2층 220호,무료,,N,031-996-8188,37.559783,126.8345786,
효자한우,전북특별자치도 전주시 완산구 홍산북로 17-5,무료,,N,063-222-9592,35.8178961,127.1035628,
경남상회,서울특별시 중구 을지로32길 36-14,무료,,N,051-246-5808,37.5649667,126.9996,
신기루황소곱창구이,서울특별시 관악구 관악로13길 25,무료,,N,02-887-5000,37.479279,126.9507406,
청기와타운 교대점,서울특별시 서초구 서초대로48길 33 1층,무료,,N,,37.4915093,127.0118833,
함스갈비집 가락본점,서울특별시 송파구 송이로20길 12-5 1층,무료,,N,02-415-6292,37.495989,127.1198276,
푸른목장,서울특별시 관악구 남부순환로230길 9,무료,,N,02-471-9277,37.4797013,126.9555125,
초심한우,서울특별시 강남구 언주로148길 27 1층，2층,무료,,N,031-8017-8880,37.5209739,127.0366734,
화포식당 다산신도시점,경기도 남양주시 다산중앙로123번길 7-14 퍼스트타워 2층 207호,무료,,N,031-552-9293,37.62303,127.1525208,
쉐플로(Chez Flo) 도곡점,서울특별시 강남구 논현로36길 29 1층 쉐플로,무료,,N,02-574-7010,37.4851669,127.04424,
진스시,서울특별시 서초구 강남대로43길 22-2 1층， 2층,무료,,N,054-277-2122,37.4875452,127.0310943,
소가횟집,서울특별시 강남구 논현로30길 25,무료,,N,02-574-6509,37.4841235,127.0439444,
육품,서울특별시 서초구 강남대로65길 12 2층 육품,무료,,N,070-4821-1044,37.5005224,127.0247456,
방죽물집,인천광역시 중구 선녀바위로 15 방죽물집,무료,,N,032-746-5579,37.4433663,126.3762792,
숙성명작,인천광역시 서구 담지로8번길 14 1층 전체 및 무인주차장,무료,,N,032-566-9298,37.5307834,126.6611917,
창고43 목동점,서울특별시 양천구 목동서로 159-1 CBS빌딩 1층,무료,,N,02-2653-0043,37.5282198,126.8750047,
고구려양고기,서울특별시 영등포구 당산로48길 8 1층 고구려양고기,무료,,N,02-2676-4337,37.5344667,126.9032239,
어울더울 청계산점,경기도 성남시 수정구 청계산로 462,무료,,N,031-758-3313,37.430562,127.073651,
안젤리코,경기도 성남시 중원구 갈마치로 215 A동310호,무료,,N,051-625-1007,37.4334493,127.1733313,
고려의 숲,경상북도 포항시 남구 이동로7번길 58,무료,,N,054-278-7030,36.0363737,129.3335419,
상아횟집,강원특별자치도 속초시 중앙로147번길 16 지하층60~65,무료,,N,033-637-7732,38.2045153,128.5902362,
퓨전선술집,서울특별시 마포구 월드컵로1길 7,무료,,N,02-335-4764,37.5494842,126.9124381,
우아하계,인천광역시 서구 완정로10번길 16 1층 101， 102， 103호,무료,,N,,37.5955641,126.6738099,
차이린,서울특별시 강남구 삼성로112길 10 nrm빌라,무료,,N,02-543-2847,37.5146787,127.0533014,
에르바(ERBA),서울특별시 강남구 논현로155길 11 동란빌딩 1층 에르바,무료,,N,02-543-6699,37.521752,127.0271451,
오늘잡은안동갈비,서울특별시 강남구 도산대로25길 47 1층,무료,,N,02-3445-1144,37.5225931,127.0257061,
우마블,경기도 성남시 분당구 정자일로 135 푸르지오 3차 101호 우마블,무료,,N,031-726-4020,37.3626803,127.1056826,
밥상위의 한우 혁신점,전북특별자치도 완주군 이서면 오공로 11-13 1동 2층,무료,,N,063-236-0121,35.8368443,127.0565713,
노블하우스,서울특별시 용산구 후암로28라길 3,무료,,N,053-323-7753,37.5496108,126.9796392,
새벽숯불가든,서울특별시 마포구 양화로1길 38 대운행복아파트,무료,,N,02-388-9589,37.5503821,126.9105797,
씨푸드박스,서울특별시 강동구 구천면로 149 호성빌딩 1층 뒷편,무료,,N,010-9920-4474,37.5423175,127.1216972,
혜비수참치,서울특별시 영등포구 국제금융로6길 33 여의도백화점 7층,무료,,N,02-761-9004,37.5207575,126.9269566,
돈블랑 해운대점,부산광역시 해운대구 달맞이길62번길 28,무료,,N,051-747-8215,35.158973,129.1704943,
스시153,서울특별시 영등포구 당산로36길 5-1 1층,무료,,N,051-632-5153,37.5282869,126.8984487,
이가네흑돼지,경기도 용인시 수지구 신수로 767 유타워 136호,무료,,N,031-525-3323,37.3387845,127.1013872,
우미학,서울특별시 강남구 압구정로30길 51,무료,,N,02-518-2213,37.5239078,127.0294669,
뜨랑한우 노은본점,대전광역시 유성구 노은동로75번길 48,무료,,N,042-822-8566,36.3674089,127.3208743,
미카도스시 분당정자점,경기도 성남시 분당구 느티로 16 젤존타워 1층,무료,,N,031-712-5656,37.3682326,127.1061942,
백호양대창,서울특별시 동작구 동작대로25길 30 1층 백호양대창,무료,,N,,37.4858369,126.9806264,
식껍 서초직영점,서울특별시 서초구 효령로 424 1층 식껍서초직영점,무료,,N,,37.4887834,127.0301843,
착한고깃간 부영,강원특별자치도 속초시 엑스포로1길 20 착한고깃간부영,무료,,N,033-636-9255,38.1908387,128.5880607,
골목회포차,대전광역시 동구 대전로 643-1 우측상가,무료,,N,010-5486-7656,36.3179309,127.4392352,
강서면옥 압구정점,서울특별시 강남구 언주로164길 19 강서면옥,무료,,N,02-3445-0092,37.5255925,127.035163,
표량,서울특별시 서초구 서운로 133 2층 중식당표량,무료,,N,010-3086-8998,37.4953495,127.0248019,
하오차이,서울특별시 서초구 효령로 260,무료,1,N,02-523-2700,37.4840979,127.01267,
제일복집,서울특별시 구로구 중앙로15길 29,무료,,N,02-2683-2481,37.506272,126.858226,
한와담 블랙,서울특별시 종로구 우정국로 26 센트로폴리스 A동 2층,무료,,N,02-749-1105,37.5713415,126.9839467,
케르반 파미에스테이션,서울특별시 서초구 사평대로 205 2층 에프피 216호,무료,,N,02-6282-4767,37.5034619,127.0050687,
남다른감자탕 학동사거리점,서울특별시 강남구 선릉로145길 21 1층,무료,,N,02-542-2110,37.5211227,127.0378142,
가능식당,서울특별시 강서구 마곡중앙로 161-8 두산더랜드파크 D동 203호,무료,,N,02-6989-8880,37.5690724,126.8271388,
정육공방,서울특별시 강남구 도산대로30길 24,무료,,N,010-4939-2605,37.5183464,127.0299473,
산구,경상남도 창원시 성산구 가양로 88,무료,,N,051-741-3949,35.2085093,128.7026701,
양동이,경기도 고양시 덕양구 솔밭1길 30-9 1층,무료,,N,031-963-9635,37.6529759,126.8745496,
육지,서울특별시 마포구 독막로3길 34 1F,무료,,N,,37.5497526,126.9174073,
삼다옥1947 목동점,서울특별시 양천구 목동동로 293,무료,,N,02-2644-1947,37.5283171,126.8759683,
혹등고래,경기도 시흥시 대골길 19 1층,무료,,N,032-341-5500,37.4489726,126.7903057,
양수면옥,경기도 고양시 일산동구 애니골길 34 양수면옥,무료,,N,031-901-3377,37.6707468,126.7917088,
나쓰부,경기도 안양시 동안구 시민대로136번길 13,무료,,N,031-427-8686,37.3881037,126.9482123,
고흐드키친,부산광역시 부산진구 전포대로199번길 30 1층,무료,,N,051-819-8872,35.1547474,129.0635484,
루스트플레이스 칠성로점,제주특별자치도 제주시 중앙로7길 3,무료,,N,064-752-9008,33.5149959,126.5253429,
등심팩토리,서울특별시 강남구 삼성로100길 23-8 1，2층 등심팩토리,무료,,N,02-558-1005,37.5104177,127.0573385,
누렁소,서울특별시 성북구 동소문로20가길 46,무료,,N,031-422-0307,37.5934523,127.0188071,
레알소만,부산광역시 부산진구 서면로 37 진흥빌딩 9층,무료,,N,051-817-2117,35.154023,129.057536,
우탐,세종특별자치시 만남로3길 5 JJ빌딩,무료,,N,044-867-7257,36.500444,127.2358965,
이수회관,광주광역시 북구 서암대로 283,무료,,N,02-534-3335,35.1661683,126.9147873,
한와담 판교점,경기도 성남시 분당구 판교역로 152 1층 1-2， 1-3,무료,,N,031-622-7182,37.3943721,127.1105411,
260도 분당점,경기도 성남시 분당구 성남대로 45 4층 260도,무료,,N,031-718-0260,37.340041,127.1085546,
우화등선,서울특별시 광진구 동일로30길 52 3층,무료,,N,02-499-2016,37.5474132,127.070223,
알로이타이,서울특별시 강남구 선릉로86길 15 현대선릉 GOLD TOWER,무료,,N,051-756-0275,37.5036302,127.0508453,
최우영식당 홍대점,서울특별시 마포구 월드컵북로4길 12,무료,,N,02-336-2951,37.5569489,126.9206714,
83비프,부산광역시 동래구 명륜로129번가길 6-7 1，2층,무료,,N,051-555-8253,35.2056996,129.0809975,
설화랑,경상북도 청도군 운문면 운문로 1082-15,무료,,N,02-2658-9282,35.6691883,129.0035607,
뉴욕바닷가재 분당점,경기도 성남시 분당구 분당로343번길 6-8 뉴욕바닷가재 분당본점,무료,,N,031-706-1171,37.3672575,127.1449901,
남자의부엌TWO,대구광역시 수성구 유니버시아드로 312 2층 남자의 부엌,무료,,N,053-818-2122,35.8296294,128.7047589,
남도미락,서울특별시 서초구 사평대로 150 궁전상가,무료,,N,031-715-2708,37.5007712,127.0007064,
온더블랙 순천조례점,전라남도 순천시 왕지4길 3-14,무료,,N,061-725-7903,34.9691804,127.526452,
경천애인2237,서울특별시 영등포구 국제금융로8길 31 지하2층 B203,무료,,N,02-553-2237,37.519746,126.9280666,
육통령 명동본점,서울특별시 중구 명동8나길 37-2,무료,,N,010-7445-9111,37.5611991,126.9828439,
인생화로,경기도 김포시 김포한강9로12번길 7-15 1F 인생화로,무료,,N,031-981-6227,37.638839,126.6270071,
청기와타운 잠실점,서울특별시 송파구 오금로 125 1층,무료,,N,02-420-8008,37.5118052,127.1091474,
파크루안 역삼점,서울특별시 강남구 논현로 430 아세아빌딩 지하 1층,무료,1,N,02-562-5565,37.49888,127.038283,
미래회관,서울특별시 마포구 마포대로 92 B동 1층 11호,무료,,N,,37.5425431,126.9521969,
대박횟집,경기도 구리시 안골로 76 1층,무료,,N,031-206-5999,37.5972333,127.139553,
260도 송도유원지점,인천광역시 연수구 청량로109번길 1,무료,,N,032-710-7260,37.4172786,126.6553378,
네모집 청담점,서울특별시 강남구 선릉로148길 28,무료,,N,02-516-3355,37.5226396,127.0418686,
길목,서울특별시 중구 퇴계로44길 29,무료,,N,02-518-9710,37.5607456,126.996863,
쉐프리,서울특별시 용산구 후암로28마길 2,무료,,N,031-766-4791,37.5494218,126.9802358,
갈비본질,경기도 김포시 양촌읍 김포한강4로 317 1층 갈비본질 프리미엄,무료,,N,031-997-1223,37.6507958,126.6480315,
이여곰탕 용산점,서울특별시 용산구 한강대로 136,무료,,N,02-792-2508,37.531418,126.9703876,
이뜰,서울특별시 종로구 대학로12길 61,무료,,N,02-3141-4459,37.5814058,127.0039979,
장수농장,전북특별자치도 전주시 완산구 홍산북로 21-7 스타빌딩 1층,무료,,N,042-485-6699,35.8181188,127.1038625,
천년소나무,경기도 하남시 서하남로19번길 62 천년소나무,무료,,N,02-477-4272,37.5197781,127.1458325,
안디아모,경기도 성남시 수정구 위례광장로 82 위례 보미리즌빌 상가 104-2호,무료,,N,055-365-1900,37.4719285,127.1411962,
국미대게,부산광역시 기장군 기장읍 읍내로104번길 3,무료,,N,051-721-7777,35.244666,129.2156952,
수린,서울특별시 용산구 한남대로 91 고메이 494 한남 지하2층 07호,무료,,N,02-515-9220,37.5365992,127.0044434,
소들녘 양지점,경기도 용인시 처인구 양지면 양지로 242 갈비명가 소들녘,무료,,N,031-322-3922,37.2351886,127.2955604,
금용문,서울특별시 종로구 새문안로5가길 7 세종클럽 2층,무료,,N,02-731-2502,37.5727418,126.9741314,
블랑쉐,경기도 성남시 분당구 성남대로925번길 16 성남종합터미날 지하1층,무료,,N,032-562-9090,37.413102,127.1272934,
라무진 미금역점,경기도 성남시 분당구 미금일로90번길 32 웰파크 113호,무료,,N,031-717-1584,37.3488301,127.1102265,
이올로화덕피자,서울특별시 서초구 강남대로39길 5 서초동두산위브,무료,,N,02-522-9994,37.4861829,127.0328523,
더콘서트,서울특별시 서초구 서초중앙로20길 40 B1,무료,,N,02-598-0788,37.4923319,127.016437,
한남북엇국 청담점,서울특별시 강남구 삼성로149길 27,무료,,N,02-3445-1988,37.5230754,127.0454054,
두어마리 양재점,서울특별시 서초구 양재천로23길 6 1층 두어마리,무료,,N,02-569-7777,37.4780814,127.0411858,
시실리(한남조개구이),서울특별시 용산구 한남대로21길 33 1층,유료,,N,02-796-6261,37.5333089,127.0066988,
시리얼고메2.0,경기도 용인시 수지구 손곡로 115 영주빌딩 1층,무료,,N,031-376-1015,37.3354105,127.0904561,
작은프랑스,경상북도 포항시 북구 중앙상가3길 16-1,유료,,N,02-2646-1955,36.0370421,129.3642048,
일편등심,서울특별시 중구 명동10길 18 3층,유료,,N,02-6212-1092,37.5629334,126.9852986,
꿈앤펀,서울특별시 용산구 신흥로20길 7,유료,,N,070-8888-0493,37.5461081,126.9849215,
빠박이,인천광역시 남동구 소래역로 12 1층 308호 빠박이네,무료,,N,031-677-7231,37.3987238,126.7371877,
청초수물회 강남점,서울특별시 강남구 압구정로28길 24 1층 청초수물회 강남점,유료,,N,02-516-5050,37.5250186,127.0275428,
오리도시,서울특별시 마포구 만리재옛길 56 1층 오리도시,유료,,N,02-715-9252,37.5485573,126.9575015,
바이킹스워프 코엑스점,서울특별시 강남구 영동대로 513 코엑스 컨벤션센터 2층,무료,,N,02-1644-4446,37.5116687,127.0602175,
시미시미,서울특별시 종로구 삼일대로30길 49,유료,,N,010-9049-8393,37.5744715,126.9905216,
파니니숲,부산광역시 남구 수영로358번길 36 수오피스텔,유료,,N,051-612-3624,35.1379151,129.1054324,
페스틴,경기도 수원시 영통구 광교중앙로 124 4층,유료,,N,02-512-3210,37.2857614,127.0574406,
강남보물섬,서울특별시 강남구 테헤란로20길 11-1 강남보물섬,무료,,N,02-566-3563,37.4990359,127.0347259,
봉우이층집,서울특별시 강남구 봉은사로18길 76 스타 팰리스,유료,,N,02-553-8454,37.5017696,127.0273733,
마우로아,서울특별시 광진구 능동로 320 1층 mau loa,유료,,N,010-8796-0635,37.5580703,127.0802212,
양산국밥,부산광역시 해운대구 좌동로10번길 75,유료,,N,051-703-3544,35.1678744,129.1727522,
봇타야산,서울특별시 서초구 방배중앙로 214,무료,,N,02-532-6565,37.4981887,126.985276,
청우참치,서울특별시 강남구 강남대로156길 18 1층,유료,,N,02-549-8356,37.5182187,127.0206634,
청하식당,서울특별시 종로구 자하문로10길 25,유료,,N,02-2254-7975,37.5794749,126.9728999,
빠넬로,서울특별시 마포구 어울마당로5길 29,유료,,N,02-322-0920,37.5494133,126.9190158,
진가와 여의도점,서울특별시 영등포구 국제금융로2길 17 씨티플라자 3층,무료,,N,02-782-9072,37.5240636,126.9260425,
우니꾸,서울특별시 동작구 국사봉1길 4,무료,,N,010-6589-2900,37.498688,126.9288177,
오!이탈리안,경기도 수원시 영통구 센트럴타운로 85,유료,,N,031-8077-4999,37.2916419,127.0500959,
스시아이,서울특별시 영등포구 국회대로76길 18 오성빌딩 지하1층 B006호,유료,,N,031-376-0720,37.5299831,126.9222464,
미연,서울특별시 종로구 종로 19,무료,,N,02-515-0066,37.5708344,126.9798606,
대왕곱창,서울특별시 구로구 새말로16길 29,무료,,N,02-830-7956,37.5042779,126.891177,
피양옥,서울특별시 강남구 압구정로36길 7 지상 1층， 2층,유료,,N,02-545-9311,37.5280679,127.0316164,
인브스키친,인천광역시 부평구 부평대로 39-6 1층 인브스키친,무료,,N,032-213-3027,37.4950902,126.722225,
136길 육미,서울특별시 강남구 언주로136길 9 2층 136길 육미,유료,,N,02-542-8899,37.5173723,127.0363502,
미각담다,서울특별시 서초구 남부순환로 2634-8 1층 101호,유료,,N,02-883-2224,37.4844001,127.0387931,
치뽈라,서울특별시 서초구 방배중앙로 212 서울시 서초구 방배동 751-2,유료,,N,02-599-8435,37.4979889,126.9852811,
참치명가,서울특별시 중구 퇴계로 210-27 대한장여관,무료,,N,02-3442-0017,37.5607967,126.9951179,
김수사,서울특별시 강남구 도산대로12길 7 지하1층,무료,,N,02-542-5235,37.5172231,127.0237562,
토도스,서울특별시 성동구 무학로 33 텐즈힐상가 154동 1층 107호,유료,,N,055-274-4100,37.5684844,127.025965,
성북동면옥집,서울특별시 성북구 대사관로 40,무료,,N,02-765-3450,37.595919,126.9886323,
벽돌집,서울특별시 광진구 동일로24길 100-4 1층 건대참숯벽돌집,유료,,N,02-403-6400,37.5422201,127.0703373,
그레이프바인,경기도 화성시 동탄순환대로5길 17 1층,무료,,N,031-662-0071,37.1662935,127.0996151,
모로모로,경기도 성남시 분당구 운중로 129,유료,,N,032-752-1211,37.3918818,127.0775255,
조인바이트(Joinvite),서울특별시 강남구 봉은사로68길 8 DECKS빌딩 1층,무료,,N,02-3444-3611,37.5113025,127.0498771,
랑골로(Langolo),대전광역시 유성구 엑스포로151번길 19 도룡하우스디어반 상가 D102， D103 랑골로,유료,,N,070-8826-1111,36.3758403,127.3956871,
제육원소,서울특별시 중구 장충단로7길 12-1,유료,,N,010-5449-7873,37.5625048,127.0057481,
따뚱,서울특별시 서초구 강남대로107길 6 본관 2층,무료,,N,02-6710-1888,37.5186447,127.0180922,
숙수도가,서울특별시 성북구 동소문로17길 28 1층 숙수도가,유료,,N,010-6471-2629,37.593562,127.0154307,
에이뿔램,서울특별시 광진구 능동로36길 36 2층 에이뿔램 군자점,유료,,N,02-517-5188,37.5556573,127.0810088,
투파인드피터,서울특별시 종로구 대학로10길 26 3층,무료,,N,010-2780-2311,37.5816415,127.0037053,
도마,서울특별시 종로구 종로16길 32-6,유료,,N,02-6925-4894,37.568741,126.9884587,
더 셰프,서울특별시 용산구 백범로77길 33 1층,유료,,N,051-626-0762,37.5399746,126.9652143,
바이킹스워프 롯데월드몰점,서울특별시 송파구 올림픽로 300 롯데월드몰 4층,무료,,N,02-1644-3210,37.5132384,127.1037831,
강소식당,서울특별시 강동구 올림픽로48길 28 1층 102호,유료,,N,02-540-1225,37.5289253,127.1214913,
굿또스시,대구광역시 중구 달구벌대로447길 37 1층 굿또스시,유료,,N,053-255-3534,35.8640928,128.6077153,
스시요코우,경기도 성남시 분당구 정자일로 177 3층,유료,,N,064-727-7272,37.3661439,127.1053908,
서동한우 강남점,서울특별시 서초구 서초대로74길 29 서초파라곤 2층,유료,,N,02-598-1997,37.4949505,127.0274412,
고기의잔치,서울특별시 성북구 성북로 13,유료,,N,02-730-7826,37.5893682,127.0046666,
초유향,경기도 고양시 덕양구 화수로14번길 24 2층,무료,,N,02-383-5724,37.643766,126.8305858,
푸치니,경기도 성남시 분당구 판교로25번길 6-3 1층,유료,,N,031-701-3398,37.3899151,127.0846358,
참치야,경기도 안양시 동안구 관평로182번길 43 삼일프라자 2층 참치야,유료,,N,031-384-3737,37.3940765,126.9625726,
유에서유,제주특별자치도 제주시 한림읍 한성길 4-1,무료,,N,02-2261-0314,33.4131604,126.2622921,
모연,서울특별시 마포구 토정로 318 영우빌딩 1층 모연 마포본점,무료,,N,02-704-0770,37.539509,126.9438139,
비노바인,서울특별시 서초구 반포대로23길 6 효진빌딩 B1,무료,,N,02-588-1408,37.4893194,127.0081595,
몽중식,서울특별시 마포구 동교로 257 2층,유료,,N,02-335-7567,37.5628337,126.9246557,
착한참치,경기도 성남시 분당구 성남대로172번길 12 현대아리온오피스텔,유료,,N,042-331-8548,37.350906,127.1100482,
달링키친,서울특별시 강남구 압구정로14길 34 3층,유료,,N,02-540-3460,37.5221232,127.0232535,
이플로네의 하루,서울특별시 마포구 와우산로29라길 21 1층 이플로네의 하루,유료,,N,02-3144-1882,37.554853,126.926904,
올라술고기,경기도 성남시 분당구 성남대로 51 포스빌 1층 128호 올라술고기,무료,,N,031-782-9777,37.3404855,127.1081054,
쇼린,제주특별자치도 서귀포시 중정로91번길 56 1층 쇼린 마라탕,무료,,N,02-512-3100,33.2516849,126.5618271,
스시츠루,서울특별시 강남구 테헤란로14길 8 강남역두산위브센티움 지하1층,유료,,N,050-6515-0993,37.498657,127.0329431,
한아람 방이점,서울특별시 송파구 위례성대로 34 지산빌딩,유료,,N,02-415-7277,37.5157594,127.1159063,
임뻬라또(Imperato),서울특별시 송파구 올림픽로37길 130 3층 308호,유료,,N,02-420-2131,37.520742,127.1045119,
뚝심한우 선릉역점,서울특별시 강남구 테헤란로 410 금강타워 B1,무료,,N,02-553-9299,37.5045715,127.0507462,
자맛풍,서울특별시 서초구 남부순환로356길 18-5 3층,무료,,N,02-579-7284,37.4840396,127.0375695,
황금콩밭,서울특별시 마포구 마포대로16길 9,유료,,N,02-313-2952,37.5509597,126.9567133,
제주삼육돈,경기도 안산시 단원구 광덕2로 155-16 1층,유료,,N,02-508-3536,37.3112149,126.8280059,
프레스코,경기도 광주시 곤지암읍 새재길190번길 31-14,유료,,N,02-554-7789,37.3428775,127.4087019,
꽁냥꽁양고기,인천광역시 서구 승학로 531,유료,,N,070-8840-9292,37.5662287,126.6790394,